deal_id,pe_firm,platform_name,operator_aliases,reported_deal_year,reported_current_or_recent_scale,primary_geography,source_1,source_2,pe_evidence_type,pe_confidence,control_type,stake_disclosed,stake_value,board_control_evidence,managerial_control_evidence,control_notes,initial_notes,next_verification_step
PE001,Portopiccolo Group,Accordius/Peak/Pelican/Orchid Cove,Accordius Health; Peak Healthcare; Pelican Health; Orchid Cove,2016,Public Citizen counted about 136 nursing homes; Washington Post reported 70+ by late 2020,"NC, VA, MD and multistate",https://www.citizen.org/article/nursing-home-transparency/,https://www.washingtonpost.com/local/portopiccolo-nursing-homes-maryland/2020/12/21/a1ffb2a6-292b-11eb-9b14-ad872157ebc9_story.html,Public Citizen identifies Portopiccolo as private equity or family-office capital and media coverage ties operating companies to the principals,high,platform_backer_or_control_owner,not_disclosed,,indirect,Likely yes; evidence comes from principals and operating-company links rather than a published management agreement,"Public reporting ties Portopiccolo principals to multiple operating companies and facility networks, which supports meaningful influence even without a disclosed equity percentage.","Silver-focused cluster with one gold row (Sunrise Point), one silver-main row (Rose Manor), and the remaining Portopiccolo homes held as silver-unclear because the pre-period often runs through Sava/SSC or Signature-style structures.",Only promote additional Portopiccolo rows if a clearly non-PE pre-period owner/operator becomes explicit on a facility-level historical page; otherwise keep them silver_unclear.
PE002,Assured Healthcare Partners,Regency Integrated Health Services,Regency; Regency Opco,2022,50-facility portfolio sale in 2022; Public Citizen identified 58 Regency providers,Texas,https://www.citizen.org/article/nursing-home-transparency/,https://www.akingump.com/en/insights/press-releases/akin-gump-advises-assured-healthcare-partners-in-dollar590m-portfolio-sale,Public Citizen says AHP lists Regency in portfolio; Akin Gump confirms AHP sold a 50 skilled nursing facility portfolio managed by Regency,high,platform_owner_or_majority_control,not_disclosed,,unknown,yes,"AHP's ownership appears strong enough that outside counsel described a portfolio sale managed by Regency, which suggests substantial operational influence even without a published percent stake.","Silver-focused Texas cluster. Current CMS-linked pages repeatedly show public or nonprofit direct owners with Regency managerial control, but the immediate pre-Regency operator is often missing so the cleanest cases stay silver_main rather than gold.",Use the current four Texas silver-main rows as the working Regency sample and only add more if the facility-level bridge and 2016-2024 entry timing are explicit.
PE007,Tryko Partners,Marquis Health Services,Marquis Health Services; Marquis Health Consulting Services,2022,"PESP lists Marquis in multiple states; Tryko completed visible SNF acquisitions in 2018, 2020, 2022, and 2024","FL, MA, MD, NJ, PA, RI, VA",https://www.kaufmanhall.com/news/kaufman-hall-advises-virtua-health-skilled-nursing-facility-transaction,https://skillednursingnews.com/2018/07/tryko-partners-acquires-two-baltimore-snfs-plans-multimillion-upgrades/,Official transaction-advisor release and trade press explicitly identify Tryko as buyer of nursing homes and Marquis as the healthcare affiliate assuming operations,high,platform_owner_or_majority_control,not_disclosed,,unknown,yes,Repeated acquisitions with Marquis taking over operations make this a strong control case even though the exact equity percentage is not public.,"Dual-track Tryko/Marquis cluster. The original New Jersey nonprofit divestitures remain gold_main, and the new Virginia/Pennsylvania additions provide silver_main scale where the PE buyer and facility names are explicit but the pre-period side is less fully verified.",Use the current NJ rows as the gold core and the Virginia/Pennsylvania rows as silver_main; only promote additional Tryko facilities when the seller and facility mapping are equally explicit in public deal coverage.
PE008,Cascade Capital Group,Legacy Healthcare,Legacy Healthcare,2024,Cascade bought 29 Iowa nursing homes in 2024; Legacy site listed about 118 facilities in 3 states per PESP,"IA, IL, SD and other markets",https://www.beckershospitalreview.com/post-acute/pe-firm-acquires-29-iowa-nursing-homes-for-85m/,https://iowacapitaldispatch.com/2024/10/21/private-equity-firm-buys-29-iowa-nursing-homes-in-massive-85-million-deal/,Becker's and Iowa Capital Dispatch identify Cascade as the PE buyer of the ABCM Iowa portfolio and Legacy as the affiliated operator taking over nursing home operations,high,owner_landlord_with_affiliate_operator,not_disclosed,,unknown,yes,"Cascade appears to own or landlord the properties while Legacy manages care, which is common in nursing home PE structures and still consistent with operational influence.","Dual-track cluster with the largest verified gold sample and the strongest silver expansion opportunities. ABCM provides a clean non-PE pre-period seller, while Cascade/Legacy is consistently visible in the 2024 post-period CMS ownership trail.",Treat the existing 17 verified Iowa facilities as gold_main and the thinner or newly mapped ABCM-to-Legacy rows as silver_main until they receive a full facility-first re-verification pass.
PE013,Gold FL Trust II,Gold FL Trust II portfolio,Gold Fl Trust Ii; Fl SNF Trust I; Fl SNF Trust Ii,2022,ProPublica's current CMS-linked affiliate page lists 46 Florida facilities tied to Gold Fl Trust Ii,Florida,https://projects.propublica.org/nursing-homes/affiliate/a-594,https://projects.propublica.org/nursing-homes/homes/h-105640,Current CMS-linked ownership pages repeatedly place facilities into Gold FL Trust II and related FL SNF trust holdco structures,high,owner_holdco_and_trust_structure,not_disclosed,,unknown,no,The control evidence is ownership-based rather than managerial-control-based: current CMS-linked pages show direct holdcos and indirect Gold FL trust entities entering ownership chains.,"Primarily a gold-usable Florida cluster. The strongest rows move from local pre-period operators into the Gold FL trust structure, while Greystone-predecessor homes remain silver_unclear.",Keep the local-owner Gold FL rows in gold_main and leave Greystone-linked predecessors out of silver_main unless a cleaner non-PE bridge appears.
PE014,International Equity Partners,Cypress Healthcare Group,Cypress Healthcare Group; Fair Oaks Healthcare Center; Greenhaven Healthcare Center; Manzanita Healthcare Center,2023,California AG approved Eskaton's sale of 3 Sacramento-area SNFs to International Equity Partners with Cypress as operator,California,https://oag.ca.gov/node/572748,https://oag.ca.gov/system/files/media/eskaton-conditional-approval-09012023.pdf,"California AG materials tie the Eskaton transaction to International Equity Partners and Cypress Healthcare Group, but IEP's own materials describe it as an independent investment management firm specializing in control structured investments rather than explicitly calling it private equity",medium,owner_and_affiliated_operator,not_disclosed,,unknown,yes,"The takeover structure is real and the pre-period nonprofit seller is clean, but the sponsor identity is still one step short of our normal PE standard because the current CMS-linked pages show Cypress rather than IEP and the public sources describe IEP as a control-investment buyer rather than explicitly as a PE firm.","Silver-unclear only. The Eskaton-to-Cypress turnover is real and the nonprofit pre-period side is clean, but International Equity Partners is still described publicly as an investment-management control buyer rather than explicitly as PE.",Preserve the Eskaton rows as silver_unclear until a source explicitly supports treating IEP as a PE sponsor under the project standard.
PE015,Pacifica Companies,RHF California retirement communities,Pacifica Senior Living; Cypress Healthcare Group; Glockston LLC; Aspen Skilled Healthcare; Jacaranda Healthcare Group; Alister LLC,2023,California AG approved Pacifica's purchase of 4 California RHF communities that together included four skilled nursing facilities,California,https://oag.ca.gov/news/press-releases/attorney-general-bonta-conditionally-approves-sale-four-retirement-communities,https://seniorhousingnews.com/2024/04/19/pacifica-adds-15-communities-in-180-5m-deal-as-rhf-shifts-senior-living-strategy/,"California AG materials identify Pacifica as the buyer of the RHF communities, and Senior Housing News describes Pacifica as a privately owned real estate and private equity firm",high,portfolio_buyer_with_affiliated_operators,not_disclosed,,unknown,yes,This is now an active verified California cluster. Auburn is the cleanest row; Bixby also verifies because the current ProPublica ownership page lines up with the AG amendment substituting ASLB/Aspen at the SNF; Pioneer verifies using consistent CMS-derived ownership pages plus AG materials naming Alister as the buyer-side SNF operator. Gold Country still falls out because the current SNF chain does not bridge cleanly enough back to Pacifica.,"Gold-focused California cluster. Auburn, Bixby, and Pioneer remain in the main verified treatment sample, with Pioneer retained as gold_main despite a silver verification tier because it was already accepted into the 31-facility core sample.",Use the three RHF-to-Pacifica rows as the active California gold sample and only add more if the facility-to-designee bridge is explicit in AG materials and current CMS-linked ownership data.
PE016,Pacifica Companies,California-Nevada Methodist Homes SNFs,Pacifica Companies; Aspen Skilled Healthcare; Sequoia Healthcare Group; Aoas LLC,2022,"California AG materials describe Pacifica's acquisition of CNMH's two California continuing care campuses, including a 35-bed SNF at Lake Park and a 26-bed SNF at Forest Hill",California,https://oag.ca.gov/news/press-releases/attorney-general-bonta-conditionally-approves-sale-california-nevada-methodist,https://seniorhousingnews.com/2024/04/19/pacifica-adds-15-communities-in-180-5m-deal-as-rhf-shifts-senior-living-strategy/,"California AG materials identify Pacifica as the buyer of CNMH, and Senior Housing News describes Pacifica as a private equity firm",high,portfolio_buyer_with_affiliated_operators,not_disclosed,,unknown,yes,"The nonprofit-to-buyer transaction is explicit in California AG materials, while current CMS-linked ownership bridges the SNF into Aspen/Sequoia buyer-side entities associated with Pacifica's California skilled nursing footprint.","Silver-focused Pacifica extension from the California-Nevada Methodist Homes transaction. Lake Park is currently the cleanest row because the nonprofit seller, Pacifica buyer, and Aspen-linked post-close ownership bridge are all visible in public sources.",Keep Lake Park in silver_main and only add Forest Hill once its current ownership chain can be tied as clearly into Pacifica/Aspen buyer-side entities.
PE017,Pacifica Companies,Keiro SNFs,Pacifica Companies; Aspen Skilled Healthcare; Kei-Ai; ALAL LLC; AGVA LLC,2016,"Blueprint reported Pacifica's acquisition of Keiro's four-property Los Angeles portfolio, including two skilled nursing facilities totaling 398 beds that Pacifica leased to Aspen Healthcare.",California,https://seniorshousingbusiness.com/blueprint-arranges-41m-sale-of-642-unit-keiro-portfolio-in-los-angeles/,https://www.nichibei.org/2016/06/escrow-closes-but-criticism-of-keiro-sale-continues/,Blueprint describes Pacifica as a private investment firm and reports that Pacifica bought the Keiro portfolio and leased the skilled nursing facilities to Aspen Healthcare.,high,portfolio_buyer_with_affiliated_operators,not_disclosed,$41 million,unknown,yes,"The nonprofit seller and Pacifica-to-Aspen operator bridge are explicit in public Keiro transaction coverage, and the current ProPublica facility pages show Aspen-linked ownership/control beginning in spring 2016.","Silver-focused California cluster built from the public Keiro sale. The nonprofit seller, Pacifica buyer, and Aspen operator bridge are explicit, and both skilled nursing facilities show Aspen-linked post-close control beginning in 2016.",Keep the two Kei-Ai skilled nursing facilities in silver_main and only broaden the cluster if additional Keiro assets become analytically useful and equally well bridged.
