deal_id,pe_firm,platform_name,facility_name,ccn,state,city,address,source_platform_link,source_facility_link,cms_owner_name,cms_affiliated_entity,ownership_effective_date,cms_change_of_ownership_flag,pre_owner_name,pre_owner_effective_end,pre_owner_pe_status,pre_operator_name,post_operator_name,post_owner_pe_status,transition_basis,transition_type,transition_verified,match_quality,verification_tier,verification_notes,analysis_sample,evidence_pathway,current_pe_evidence,pre_period_certainty
PE001,Portopiccolo Group,Accordius/Peak/Pelican/Orchid Cove,Accordius Health At Charlotte,345243,NC,Charlotte,"5939 Reddman Road, Charlotte, NC 28212",https://www.citizen.org/article/nursing-home-transparency/,https://projects.propublica.org/nursing-homes/homes/h-345243,Mc M53 Spe Opco Holdco (100%); Accordius Snf Holdco Llc; Hc Family Trust; Shnz Holdings Llc; Wyncote Llc; Zanziper Family Trust; Kimberly Morrow,Affiliated With Simcha Hyman & Naftali Zanziper,Jan 2020,yes,SSC Charlotte Operating Company LLC / SavaSeniorCare-linked ownership structure,before Jan 2020,unknown,SavaSeniorCare-linked management structure,Accordius Health LLC,pe,owner_and_operator_change,unclear,no,exact,silver,"Post-transition evidence is strong on ProPublica/CMS. Older CMS-mirrored pages identify the home as Brian Center Health & Rehab/Ch under SSC Charlotte Operating Company LLC before the Accordius/Portopiccolo-linked structure, but prior PE status remains ambiguous.",silver_unclear,chain_deal_plus_facility_match,facility_cms_direct,likely_pe_or_financialized
PE001,Portopiccolo Group,Accordius/Peak/Pelican/Orchid Cove,Accordius Health At Gastonia,345162,NC,Gastonia,"416 N Highland Street, Gastonia, NC 28052",https://www.citizen.org/article/nursing-home-transparency/,https://projects.propublica.org/nursing-homes/homes/h-345162,Mc M53 Spe Opco Holdco (100%); Accordius Snf Holdco Llc; Hc Family Trust; Shnz Holdings Llc; Wyncote Llc; Zanziper Family Trust; Kimberly Morrow,Affiliated With Simcha Hyman & Naftali Zanziper,Dec 2021,yes,Accordius Health at Gastonia LLC or related pre-2021 ownership structure,before Dec 2021,unknown,unknown,Accordius Health LLC,pe,ownership_change_with_brand_continuity,unclear,no,exact,silver,"ProPublica lists the Portopiccolo-linked ownership structure from Dec 2021 forward. Older CMS-mirrored material already shows the Accordius brand by 2019, so the immediate prior owner behind the 2021 change still needs direct CMS change-of-ownership verification.",silver_unclear,chain_deal_plus_facility_match,facility_cms_direct,unknown
PE001,Portopiccolo Group,Accordius/Peak/Pelican/Orchid Cove,Accordius Health At Mooresville,345179,NC,Mooresville,"752 E Center Avenue, Mooresville, NC 28115",https://www.citizen.org/article/nursing-home-transparency/,https://projects.propublica.org/nursing-homes/homes/h-345179,Mc M53 Spe Opco Holdco (100%); Accordius Snf Holdco Llc; Hc Family Trust; Shnz Holdings Llc; Wyncote Llc; Zanziper Family Trust; Kimberly Morrow,Affiliated With Simcha Hyman & Naftali Zanziper,Jan 2020,yes,SSC Mooresville Operating Company LLC / SavaSeniorCare-linked ownership structure,before Jan 2020,unknown,SavaSeniorCare-linked management structure,Accordius Health LLC,pe,owner_and_operator_change,unclear,no,exact,silver,"Post-transition evidence is strong on ProPublica/CMS. Older CMS-mirrored pages identify the home as Brian Center Health and Retirement under SSC Mooresville Operating Company LLC before the Accordius/Portopiccolo-linked structure, but prior PE status is still ambiguous.",silver_unclear,chain_deal_plus_facility_match,facility_cms_direct,likely_pe_or_financialized
PE001,Portopiccolo Group,Accordius/Peak/Pelican/Orchid Cove,Accordius Health At Rose Manor,345081,NC,Durham,"304 North Roxboro Street, Durham, NC 27701",https://www.citizen.org/article/nursing-home-transparency/,https://projects.propublica.org/nursing-homes/homes/h-345081,Simcha Hyman; Naftali Zanziper,Affiliated With Simcha Hyman & Naftali Zanziper,post-2021 structure visible,yes,Eagle Acquisition IV LLC / Philipson Family LLC / Benjamin Landa,before Portopiccolo period,likely_non_pe,Concordia Transitional Care & Rehab-Rose Manor,Accordius Health LLC,pe,owner_and_operator_change,likely_non_pe_to_pe,no,probable,silver,This is the strongest Portopiccolo addition so far because the pre side looks like a localized family/operator structure rather than the Sava/SSC network. I still want one more historical source before coding it fully verified.,silver_main,chain_deal_plus_facility_match,facility_cms_direct,likely_non_pe
PE001,Portopiccolo Group,Accordius/Peak/Pelican/Orchid Cove,Sunrise Point Health And Rehabilitation Center,105250,FL,Rockledge,"1775 Huntington Lane, Rockledge, FL 32955",https://projects.propublica.org/nursing-homes/affiliate/a-580,https://projects.propublica.org/nursing-homes/homes/h-105250,Simcha Hyman (50%); Naftali Zanziper (50%),Affiliated With Simcha Hyman & Naftali Zanziper,Apr 2020,yes,Huntington Place Limited Partnership / Genesis Healthcare-linked structure,before Apr 2020,non_pe,Genesis Healthcare LLC / Huntington Place Limited Partnership,No information available,pe,owner_change_to_direct_pe_principals,non_pe_to_pe,yes,exact,gold,"The current CMS-linked page shows Simcha Hyman and Naftali Zanziper as direct owners since Apr 2020. The older CMS-mirrored page for the same CCN/address identifies the facility as Huntington Place with Genesis Healthcare in the indirect ownership chain. Because Genesis was a public nursing home operator rather than a known PE owner in the pre-period, this is a usable non-PE to PE transition.",gold_main,facility_public_current_plus_prehistory,facility_cms_direct,clear_non_pe
PE001,Portopiccolo Group,Accordius/Peak/Pelican/Orchid Cove,Winter Park Care And Rehabilitation Center,105332,FL,Winter Park,"2970 Scarlet Road, Winter Park, FL 32792",https://www.citizen.org/article/nursing-home-transparency/,https://projects.propublica.org/nursing-homes/homes/h-105332,Simcha Hyman; Naftali Zanziper,Affiliated With Simcha Hyman & Naftali Zanziper,Feb 2020 / Apr 2020,yes,LP Winter Park LLC / Signature Healthcare-linked structure,before Feb 2020,unknown,Signature Healthcare Consulting Services LLC,Orchid Cove Health Group LLC,pe,owner_and_operator_change,unclear,no,probable,silver,"Cleaner than the Sava/SSC examples, but I still have not ruled out PE-style backing on the Signature side, so this stays below the main treatment set for now.",silver_unclear,chain_deal_plus_facility_match,facility_cms_direct,likely_pe_or_financialized
PE002,Assured Healthcare Partners,Regency Integrated Health Services,Bastrop Lost Pines Nursing And Rehabilitation Center,676222,TX,Bastrop,"430 Old Austin Hwy, Bastrop, TX 78602",https://www.regencyhealthcare.com/locations/,https://projects.propublica.org/nursing-homes/homes/h-676222,Smithville Hospital Authority (100%),Affiliated With Wellsential Health,Feb 2016,yes,Smithville Hospital Authority,before Feb 2016,non_pe,unknown,Regency IHS of Bastrop Lost Pines LLC / Regency Integrated Health Services LLC,pe,operator_change_under_public_owner,unclear,no,exact,silver,"Current CMS-linked data clearly show public direct ownership plus Regency managerial control beginning in Feb 2016. This is a plausible non-PE to PE-backed operator shift, but the pre-Regency operator is not yet identified.",silver_main,chain_deal_plus_facility_match,facility_cms_managerial,likely_non_pe
PE002,Assured Healthcare Partners,Regency Integrated Health Services,Brenham Nursing And Rehabilitation Center,675799,TX,Brenham,"400 E Sayles St, Brenham, TX 77833",https://www.regencyhealthcare.com/locations/,https://projects.propublica.org/nursing-homes/homes/h-675799,Oakbend Medical Center (100%),Affiliated With Wellsential Health,Feb 2015,yes,Oakbend Medical Center,before Feb 2015,non_pe,unknown,"Regency IHS of Brenham, LLC / Regency Integrated Health Services LLC",pe,operator_change_under_public_owner,unclear,no,exact,silver,Current CMS-linked data clearly show Oakbend as direct owner and Regency managerial control from Feb 2015. This is likely outside a 2016-2026 window and still lacks the immediate pre-Regency operator.,exclude,chain_deal_plus_facility_match,facility_cms_managerial,likely_non_pe
PE002,Assured Healthcare Partners,Regency Integrated Health Services,Heritage Park Rehabilitation And Skilled Nursing C,455599,TX,Austin,"2806 Real St, Austin, TX 78722",https://www.regencyhealthcare.com/locations/,https://projects.propublica.org/nursing-homes/homes/h-455599,Val Verde County Hospital District (100%),Affiliated With Wellsential Health,Apr 2022,yes,Oakbend Medical Center or related pre-2022 ownership structure,before Apr 2022,non_pe,unknown,"Regency IHS of Heritage Park, LLC / Regency Integrated Health Services LLC",pe,owner_and_operator_change,unclear,no,exact,silver,"This is one of the stronger Regency candidates. Current CMS-linked data show a 2022 shift into Regency managerial control, and older records suggest a non-PE pre-2022 ownership structure, but the immediate prior operator is still not pinned down.",silver_main,chain_deal_plus_facility_match,facility_cms_managerial,likely_non_pe
PE002,Assured Healthcare Partners,Regency Integrated Health Services,Memorial City Nursing And Rehabilitation Center,676258,TX,Houston,"1341 Blalock, Houston, TX 77055",https://www.regencyhealthcare.com/locations/,https://projects.propublica.org/nursing-homes/homes/h-676258,Oakbend Medical Center (100%),Affiliated With Wellsential Health,Dec 2022,yes,Oakbend Medical Center,before Dec 2022,non_pe,unknown,Regency IHS of Memorial City LLC / Regency Integrated Health Services LLC,pe,operator_change_under_public_owner,unclear,no,exact,silver,"Current CMS-linked data show unchanged non-PE direct ownership with Regency managerial control beginning in Dec 2022. This is a plausible non-PE to PE-backed operator shift, but the pre-2022 operator is still unknown.",silver_main,chain_deal_plus_facility_match,facility_cms_managerial,likely_non_pe
PE002,Assured Healthcare Partners,Regency Integrated Health Services,Val Verde Nursing And Rehabilitation Center,675395,TX,Del Rio,"100 Hermann Dr, Del Rio, TX 78840",https://www.regencyhealthcare.com/locations/,https://projects.propublica.org/nursing-homes/homes/h-675395,Val Verde County Hospital District (100%),Affiliated With Wellsential Health,Apr 2022,yes,Pre-2022 for-profit ownership structure at same CCN/address,before Apr 2022,unknown,unknown,Regency IHS of Val Verde LLC / Regency Integrated Health Services LLC,pe,owner_and_operator_change,unclear,no,exact,silver,"Current CMS-linked data show Regency managerial control from Apr 2022. Older provider listings suggest a different pre-2022 ownership structure, but the immediate prior owner/operator still needs direct CMS change-of-ownership confirmation.",silver_main,chain_deal_plus_facility_match,facility_cms_managerial,likely_non_pe
PE007,Tryko Partners,Marquis Health Services,Berlin Rehabilitation & Healthcare Center,315461,NJ,Berlin,"100 Long A Coming Lane, Berlin, NJ 08009",https://seniorshousingbusiness.com/tryko-partners-buys-308-bed-virtua-health-skilled-nursing-portfolio-in-new-jersey/,https://projects.propublica.org/nursing-homes/homes/h-315461,Quinto Nexgen LLC; Ukr Nexgen LLC,Affiliated With Marquis Health Services,Apr 2022,yes,"West Jersey Nursing Center Inc. / Virtua Health, Inc.",before Apr 2022,non_pe,Virtua H & R C at Berlin,Marquis Limited LLC,pe,owner_and_operator_change,non_pe_to_pe,yes,exact,gold,"A very strong Tryko row. The pre-period facility was a nonprofit Virtua-linked provider, while the post-period CMS-linked page shows Tryko-linked ownership and Marquis managerial control from Apr 2022.",gold_main,facility_public_current_plus_prehistory,facility_cms_direct,clear_non_pe
PE007,Tryko Partners,Marquis Health Services,Cambridge Rehabilitation And Healthcare Center,315201,NJ,Moorestown,"255 East Main St, Moorestown, NJ 08057",https://www.kaufmanhall.com/news/kaufman-hall-advises-virtua-health-skilled-nursing-facility-transaction,https://projects.propublica.org/nursing-homes/homes/h-315201,Ukr Consulting LLC (10%),Affiliated With Marquis Health Services,Jan 2021,yes,Lutheran Home at Moorestown,before Jan 2021,non_pe,Lutheran Crossings Enhanced Living at Moorestown,Marquis Limited LLC,pe,owner_and_operator_change,non_pe_to_pe,yes,exact,gold,"This is another strong target. The 2019 CMS-mirrored page shows a church-related nonprofit owner/operator, while the current CMS-linked page shows Tryko-linked indirect owners and Marquis managerial control since Jan 2021.",gold_main,facility_public_current_plus_prehistory,facility_cms_direct,clear_non_pe
PE007,Tryko Partners,Marquis Health Services,Canterbury Rehabilitation And Healthcare Center,495272,VA,Richmond,"1776 Cambridge Drive, Richmond, VA 23238",https://www.roi-nj.com/2020/02/25/healthcare/tryko-partners-grows-in-mid-atlantic-with-acquisition-of-3-skilled-nursing-facilities/,https://projects.propublica.org/nursing-homes/homes/h-495272,Quinto Delta LLC (89%); Ukr Consulting LLC (10%),Affiliated With Marquis Health Services,Feb 2020,yes,Lexington Rehabilitation & Healthcare Center / Cambridge Healthcare portfolio,before Feb 2020,unknown,Cambridge Healthcare portfolio,Marquis Limited LLC / Reliant Pro Rehab LLC,pe,owner_and_operator_change,likely_non_pe_to_pe,no,exact,silver,"Trade press identifies Tryko Partners as the private equity buyer of Lexington Rehabilitation & Healthcare in Richmond as part of its February 2020 Virginia expansion, with Marquis Health Services as operator. The current ProPublica page for Canterbury Rehabilitation and Healthcare Center at the same address shows Tryko-linked Quinto Delta / Ukr Consulting ownership and Marquis managerial control. This is a strong silver_main row even though the pre-period facility-side ownership trail is coming mainly from the public deal coverage rather than a fully recovered historical CMS owner page.",silver_main,chain_deal_plus_facility_match,facility_cms_direct,unknown
PE007,Tryko Partners,Marquis Health Services,Collingswood Rehabilitation And Healthcare Center,215092,MD,Rockville,"299 Hurley Avenue, Rockville, MD 20850",https://skillednursingnews.com/2019/02/dwight-capitals-13m-bridge-loan-in-ohio-marquis-tryko-expand-in-maryland/,https://projects.propublica.org/nursing-homes/homes/h-215092,Quinto Holdings LLC (89%); Ukr Consulting LLC (10%),Affiliated With Marquis Health Services,Feb 2019,yes,Collingswood Nursing Facilities Inc.,before Feb 2019,unknown,Collingswood Nsg. & Rehab. Cen.,Marquis Limited LLC / Reliant Pro Rehab LLC,pe,owner_and_operator_change,likely_non_pe_to_pe,no,exact,silver,"Public deal coverage identifies Tryko Partners as the buyer behind Marquis Health Services' Rockville expansion, naming Collingswood Rehabilitation & Healthcare Center in February 2019. The current ProPublica page for the same CCN and address shows Tryko-linked ownership and Marquis managerial control, while the 2019 HealthcareComps page still lists Collingswood Nursing Facilities Inc. at the same facility. This is a strong silver_main row even though the historical pre-period ownership record is a local for-profit corporation rather than a nonprofit seller.",silver_main,chain_deal_plus_facility_match,facility_cms_direct,likely_non_pe
PE007,Tryko Partners,Marquis Health Services,Markley Rehabilitation And Healthcare Center,395483,PA,Norristown,"550 East Fornance Street, Norristown, PA 19401",https://seniorshousingbusiness.com/tryko-partners-acquires-regina-community-nursing-center-in-norristown-pennsylvania/,https://projects.propublica.org/nursing-homes/homes/h-395483,Quinto Nexgen LLC (79%); Ukr Nexgen LLC (20%),Affiliated With Marquis Health Services,Dec 2020,yes,Regina Community Nursing Center / Regina Nursing Center,before Dec 2020,non_pe,Regina Community Nursing Center,Marquis Limited LLC / Reliant Pro Rehab LLC,pe,owner_and_operator_change,likely_non_pe_to_pe,no,exact,silver,"Public deal coverage identifies Tryko Partners as the private equity buyer of Regina Community Nursing Center in December 2020, with the facility rebranded as Markley Rehabilitation & Healthcare Center under Marquis Health Services. The current ProPublica ownership page shows Tryko-linked Quinto Nexgen / Ukr Nexgen ownership and Marquis managerial control, while the 2019 HealthcareComps page identifies Regina Community Nursing Center as a faith-based nonprofit. This is a strong silver_main row and one of the cleaner new Tryko additions.",silver_main,chain_deal_plus_facility_match,facility_cms_direct,clear_non_pe
PE007,Tryko Partners,Marquis Health Services,Mount Holly Rehabilitation & Healthcare Center,315128,NJ,Lumberton,"62 Richmond Avenue, Lumberton, NJ 08048",https://www.kaufmanhall.com/news/kaufman-hall-advises-virtua-health-skilled-nursing-facility-transaction,https://projects.propublica.org/nursing-homes/homes/h-315128,Quinto Nexgen LLC (79%); Ukr Nexgen LLC (20%),Affiliated With Marquis Health Services,Apr 2022,yes,"Virtua Health and Rehabilitation Center at Mount Holly, Inc.",before Apr 2022,non_pe,Virtua Health & Rehab Mt Holly,Marquis Limited LLC,pe,owner_and_operator_change,non_pe_to_pe,yes,exact,gold,"This is a clean target. The 2019 CMS-mirrored page shows a nonprofit Virtua-owned facility at the same address and CCN, while the current CMS-linked page shows Tryko-linked indirect owners and Marquis managerial control since Apr 2022 after the Virtua transaction.",gold_main,facility_public_current_plus_prehistory,facility_cms_direct,clear_non_pe
PE007,Tryko Partners,Marquis Health Services,Roosevelt Rehabilitation And Healthcare Center,395537,PA,Philadelphia,"7800 Bustleton Avenue, Philadelphia, PA 19152",https://skillednursingnews.com/2020/01/blueprint-pulls-off-seven-snf-sale-in-alabama-tryko-grows-portfolio-in-philadelphia/,https://projects.propublica.org/nursing-homes/homes/h-395537,Glendale Opportunity Fund LLC (76%); Rsbrm Holdings LLC (22%),Affiliated With Marquis Health Services,Nov 2019,yes,"Glendale Uptown Home / GS Operator, L.P.",before Nov 2019,unknown,"Glendale Manager, LP / Craig Flashner",Marquis Limited LLC / Reliant Pro Rehab LLC,pe,owner_and_operator_change,likely_non_pe_to_pe,no,exact,silver,"Public deal coverage identifies Tryko Partners as the buyer behind the Philadelphia acquisition of Glendale Uptown Home, which was rebranded as Roosevelt Rehabilitation & Healthcare Center in late 2019 under Marquis Health Services. The current ProPublica page for the same CCN and address shows Tryko-linked indirect ownership and Marquis managerial control since Nov 2019, while the 2019 HealthcareComps page lists Glendale Uptown Home under GS Operator, L.P. This supports a silver_main non-PE-to-PE transition, though the pre-period seller is a private for-profit rather than a fully audited nonprofit.",silver_main,chain_deal_plus_facility_match,facility_cms_direct,likely_non_pe
PE007,Tryko Partners,Marquis Health Services,Springfield Rehabilitation And Healthcare Center,395690,PA,Springfield,"463 West Sproul Road, Springfield, PA 19064",https://skillednursingnews.com/2020/06/tryko-expands-again-with-pa-pickup-monticello-provides-41m-for-two-snf-refinance/,https://projects.propublica.org/nursing-homes/homes/h-395690,Quinto Delta LLC (89%); Ukr Consulting LLC (10%),Affiliated With Marquis Health Services,Jun 2020,yes,Harlee Manor Inc.,before Jun 2020,unknown,Harlee Manor Nursing and Rehabilitation Center,Quinto Delta LLC / Marquis Health Services,pe,owner_and_operator_change,likely_non_pe_to_pe,no,exact,silver,"Public deal coverage identifies Tryko Partners as the buyer behind the Pennsylvania pickup of Harlee Manor, which became Springfield Rehabilitation & Healthcare Center in June 2020 under Marquis Health Services. The current ProPublica page for the same CCN and address shows Tryko-linked Quinto Delta / Ukr Consulting ownership, while the 2019 HealthcareComps page lists Harlee Manor Inc. at the same Springfield address. This makes Springfield a strong silver_main row with a facility-specific bridge from the public deal source into current CMS ownership data.",silver_main,chain_deal_plus_facility_match,facility_cms_direct,likely_non_pe
PE007,Tryko Partners,Marquis Health Services,Westmoreland Rehabilitation & Healthcare Center,495268,VA,Colonial Beach,"2400 Mckinney Boulevard, Colonial Beach, VA 22443",https://www.roi-nj.com/2020/02/25/healthcare/tryko-partners-grows-in-mid-atlantic-with-acquisition-of-3-skilled-nursing-facilities/,https://projects.propublica.org/nursing-homes/homes/h-495268,Quinto Delta LLC (89%); Ukr Consulting LLC (10%),Affiliated With Marquis Health Services,Feb 2020,yes,Cambridge Healthcare Holdings LLC / Mary Washington Convalescent & Nursing Care LLC,before Feb 2020,unknown,Cambridge Healthcare portfolio,Marquis Limited LLC / Reliant Pro Rehab LLC,pe,owner_and_operator_change,likely_non_pe_to_pe,no,exact,silver,"Trade press identifies Tryko Partners as the private equity buyer of Westmoreland Rehabilitation & Healthcare Center in February 2020, with Marquis Health Services as operator. The current ProPublica page shows Tryko-linked Quinto Delta / Ukr Consulting ownership and Marquis managerial control, while the 2019 HealthcareComps page shows Cambridge Healthcare Holdings LLC in the ownership structure. This is a strong silver_main row, but the pre-period chain side is still treated as likely non-PE rather than fully verified.",silver_main,chain_deal_plus_facility_match,facility_cms_direct,likely_non_pe
PE007,Tryko Partners,Marquis Health Services,Woodbine Rehabilitation & Healthcare Center,495019,VA,Alexandria,"2729 King Street, Alexandria, VA 22302",https://www.roi-nj.com/2020/02/25/healthcare/tryko-partners-grows-in-mid-atlantic-with-acquisition-of-3-skilled-nursing-facilities/,https://projects.propublica.org/nursing-homes/homes/h-495019,Quinto Delta LLC (89%); Ukr Consulting LLC (10%); Skilled Venture LLC,Affiliated With Marquis Health Services,Feb 2020,yes,Cambridge Healthcare Holdings LLC / Woodbine Convalescent & Nursing Care LLC,before Feb 2020,unknown,Cambridge Healthcare portfolio,Marquis Limited LLC / Reliant Pro Rehab LLC,pe,owner_and_operator_change,likely_non_pe_to_pe,no,exact,silver,"Trade press identifies Tryko Partners as the private equity buyer of three Virginia skilled nursing facilities from the Cambridge Healthcare portfolio in February 2020, with Marquis Health Services as operator. The current ProPublica ownership page for the same CCN and address shows Tryko-linked Quinto Delta / Ukr Consulting ownership and Marquis managerial control, while the 2019 HealthcareComps page lists Cambridge Healthcare Holdings LLC in the ownership structure. This is a strong silver_main row, but it stays below gold because the pre-period side is a for-profit chain rather than a fully verified nonprofit/local seller.",silver_main,chain_deal_plus_facility_match,facility_cms_direct,likely_non_pe
PE008,Cascade Capital Group,Legacy Healthcare,Bloomfield Care Center,165326,IA,Bloomfield,"800 North Davis Street, Bloomfield, IA 52537",https://iowacapitaldispatch.com/2024/10/21/private-equity-firm-buys-29-iowa-nursing-homes-in-massive-85-million-deal/,https://projects.propublica.org/nursing-homes/homes/h-165326,Iowa Portfolio Opco Holdings LLC (100%),Affiliated With Legacy Healthcare,Aug 2024,yes,ABCM Corporation,before Aug 2024,non_pe,ABCM Corporation,Legacy Healthcare Financial Services LLC,pe,owner_and_operator_change,likely_non_pe_to_pe,no,exact,silver,"Current ProPublica ownership shows Iowa Portfolio Opco Holdings LLC as the direct owner and Legacy Healthcare Financial Services LLC in managerial control since Aug 2024. The 2019 HealthcareComps page identifies Bloomfield Care Center under ABCM Corporation at the same address and CCN. This is a strong ABCM-to-Cascade/Legacy transition, but it enters the repo through the silver deal-first build rather than the original gold facility-verification pass.",silver_main,chain_deal_plus_facility_match,facility_cms_direct,clear_non_pe
PE008,Cascade Capital Group,Legacy Healthcare,Colonial Manor Of Elma,165386,IA,Elma,"407 9th Street, Elma, IA 50628",https://iowacapitaldispatch.com/2024/10/21/private-equity-firm-buys-29-iowa-nursing-homes-in-massive-85-million-deal/,https://projects.propublica.org/nursing-homes/homes/h-165386,Iowa Portfolio Opco Holdings LLC (100%),Affiliated With Legacy Healthcare,Aug 2024,yes,Colonial Manor Of Elma Inc.; ABCM Corporation direct ownership interest,before Aug 2024,non_pe,ABCM Corporation,Legacy Healthcare Financial Services LLC,pe,owner_and_operator_change,non_pe_to_pe,yes,exact,gold,"Current CMS-linked ownership shows Iowa Portfolio Opco Holdings LLC and Legacy managerial control since Aug 2024. The older CMS-mirrored page lists Colonial Manor Of Elma Inc. with ABCM Corporation as a 5% or greater direct owner, making this a clean ABCM-to-Cascade/Legacy transition.",gold_main,facility_public_current_plus_prehistory,facility_cms_managerial,clear_non_pe
PE008,Cascade Capital Group,Legacy Healthcare,Concord Care Center,165364,IA,Garner,"490 West Lyons Street, Garner, IA 50438",https://www.beckershospitalreview.com/post-acute/pe-firm-acquires-29-iowa-nursing-homes-for-85m/,https://projects.propublica.org/nursing-homes/homes/h-165364,Iowa Portfolio Opco Holdings LLC (100%),Affiliated With Legacy Healthcare,Aug 2024,yes,ABCM Corporation,before Aug 2024,non_pe,ABCM Corporation,Legacy Healthcare Financial Services LLC,pe,owner_and_operator_change,non_pe_to_pe,yes,exact,gold,"The current CMS-linked page shows Legacy managerial control since Aug 2024. Older provider listings identify Concord as part of ABCM Corporation, the seller named in the 2024 Cascade transaction, making this a strong non-PE to PE transition candidate.",gold_main,facility_public_current_plus_prehistory,facility_cms_managerial,clear_non_pe
PE008,Cascade Capital Group,Legacy Healthcare,Emmetsburg Care Center,165352,IA,Emmetsburg,"2405 21st Street, Emmetsburg, IA 50536",https://iowacapitaldispatch.com/2024/10/21/private-equity-firm-buys-29-iowa-nursing-homes-in-massive-85-million-deal/,https://projects.propublica.org/nursing-homes/homes/h-165352,Iowa Portfolio Opco Holdings Llc (100%),Affiliated With Legacy Healthcare,Aug 2024,yes,ABCM Corporation,before Aug 2024,non_pe,ABCM Corporation,Legacy Healthcare Financial Services Llc,pe,owner_and_operator_change,likely_non_pe_to_pe,no,exact,silver,Current ProPublica ownership shows Iowa Portfolio Opco Holdings Llc as the direct owner and Legacy Healthcare Financial Services Llc in managerial control since Aug 2024. The 2019 HealthcareComps page identifies Emmetsburg Care Center under ABCM Corporation at the same address and CCN. This is a strong ABCM-to-Cascade/Legacy transition added through the silver expansion workflow.,silver_main,chain_deal_plus_facility_match,facility_cms_direct,clear_non_pe
PE008,Cascade Capital Group,Legacy Healthcare,Grandview Healthcare Center,165340,IA,Oelwein,"800 Fifth Street Se, Oelwein, IA 50662",https://iowacapitaldispatch.com/2024/10/21/private-equity-firm-buys-29-iowa-nursing-homes-in-massive-85-million-deal/,https://projects.propublica.org/nursing-homes/homes/h-165340,Iowa Portfolio Opco Holdings LLC (100%),Affiliated With Legacy Healthcare,Aug 2024,yes,ABCM Corporation,before Aug 2024,non_pe,ABCM Corporation,Legacy Healthcare Financial Services LLC,pe,owner_and_operator_change,non_pe_to_pe,yes,exact,gold,"Another clean Oelwein example. Current CMS-linked ownership shows the post-Cascade/Legacy structure, while older records identify ABCM as the prior owner.",gold_main,facility_public_current_plus_prehistory,facility_cms_managerial,clear_non_pe
PE008,Cascade Capital Group,Legacy Healthcare,Guttenberg Care Center,165334,IA,Guttenberg,"1315 Acre Street, Guttenberg, IA 52052",https://iowacapitaldispatch.com/2024/10/21/private-equity-firm-buys-29-iowa-nursing-homes-in-massive-85-million-deal/,https://projects.propublica.org/nursing-homes/homes/h-165334,Iowa Portfolio Opco Holdings LLC (100%),Affiliated With Legacy Healthcare,Aug 2024,yes,ABCM Corporation,before Aug 2024,non_pe,ABCM Corporation,Legacy Healthcare Financial Services LLC,pe,owner_and_operator_change,non_pe_to_pe,yes,exact,gold,"A clean ABCM-to-Cascade/Legacy transition. Current CMS-linked ownership shows Iowa Portfolio Opco Holdings LLC and Legacy managerial control since Aug 2024, while the older page shows ABCM Corporation as the pre-period owner.",gold_main,facility_public_current_plus_prehistory,facility_cms_managerial,clear_non_pe
PE008,Cascade Capital Group,Legacy Healthcare,Harmony House Health Care Center,165152,IA,Waterloo,"2950 West Shaulis Road, Waterloo, IA 50701",https://iowacapitaldispatch.com/2024/10/21/private-equity-firm-buys-29-iowa-nursing-homes-in-massive-85-million-deal/,https://projects.propublica.org/nursing-homes/homes/h-165152,Iowa Portfolio Opco Holdings LLC (100%),Affiliated With Legacy Healthcare,Aug 2024,yes,ABCM Corporation,before Aug 2024,non_pe,ABCM Corporation,Legacy Healthcare Financial Services LLC,pe,owner_and_operator_change,non_pe_to_pe,yes,exact,gold,"This Harmony facility is usable and distinct from the weaker Harmony/ManorCare cases. The older page shows ABCM as the pre-period owner, and the current CMS-linked page shows the Legacy/Cascade structure since Aug 2024.",gold_main,facility_public_current_plus_prehistory,facility_cms_managerial,clear_non_pe
PE008,Cascade Capital Group,Legacy Healthcare,Heritage Care And Rehabilitation Center,165367,IA,Mason City,"501 South Kentucky Ave, Mason City, IA 50401",https://iowacapitaldispatch.com/2024/10/21/private-equity-firm-buys-29-iowa-nursing-homes-in-massive-85-million-deal/,https://projects.propublica.org/nursing-homes/homes/h-165367,No direct owner information on current page; Gpn Fam Tr Ua 04282008 indirect owner; Legacy Healthcare Financial Services LLC managerial control since Aug 2024,Affiliated With Legacy Healthcare,Aug 2024,yes,ABCM Corporation,before Aug 2024,non_pe,ABCM Corporation,Legacy Healthcare Financial Services LLC,pe,operator_change_with_owner_gap,likely_non_pe_to_pe,no,probable,silver,"Older CMS-mirrored records clearly show ABCM Corporation as the pre-period owner, while the current page shows Legacy managerial control since Aug 2024. Because the direct-owner fields are incomplete on the current page, this stays as a strong but not yet fully verified row.",silver_main,chain_deal_plus_facility_match,facility_cms_managerial,clear_non_pe
PE008,Cascade Capital Group,Legacy Healthcare,Lake Mills Care Center,165366,IA,Lake Mills,"406 South 10th Avenue East, Lake Mills, IA 50450",https://iowacapitaldispatch.com/2024/10/21/private-equity-firm-buys-29-iowa-nursing-homes-in-massive-85-million-deal/,https://projects.propublica.org/nursing-homes/homes/h-165366,Iowa Portfolio Opco Holdings LLC (100%),Affiliated With Legacy Healthcare,Aug 2024,yes,ABCM Corporation,before Aug 2024,non_pe,ABCM Corporation,Legacy Healthcare Financial Services LLC,pe,owner_and_operator_change,non_pe_to_pe,yes,exact,gold,"Strong high-confidence Cascade row. The pre side is ABCM, and the post side is the dated Legacy/Cascade structure beginning in Aug 2024.",gold_main,facility_public_current_plus_prehistory,facility_cms_managerial,clear_non_pe
PE008,Cascade Capital Group,Legacy Healthcare,Manor House Care Center,165325,IA,Sigourney,"1212 South Stuart Street, Sigourney, IA 52591",https://iowacapitaldispatch.com/2024/10/21/private-equity-firm-buys-29-iowa-nursing-homes-in-massive-85-million-deal/,https://projects.propublica.org/nursing-homes/homes/h-165325,Iowa Portfolio Opco Holdings LLC (100%),Affiliated With Legacy Healthcare,Aug 2024,yes,ABCM Corporation,before Aug 2024,non_pe,ABCM Corporation,Legacy Healthcare Financial Services LLC,pe,owner_and_operator_change,non_pe_to_pe,yes,exact,gold,"Another clean Cascade row. The current CMS-linked page shows the post-Cascade/Legacy structure beginning in Aug 2024, and the older CMS-mirrored page lists ABCM Corporation as the pre-period owner.",gold_main,facility_public_current_plus_prehistory,facility_cms_managerial,clear_non_pe
PE008,Cascade Capital Group,Legacy Healthcare,Maple Manor Village,165346,IA,Aplington,"345 Parriott Street, Aplington, IA 50604",https://iowacapitaldispatch.com/2024/10/21/private-equity-firm-buys-29-iowa-nursing-homes-in-massive-85-million-deal/,https://projects.propublica.org/nursing-homes/homes/h-165346,Iowa Portfolio Opco Holdings LLC (100%),Affiliated With Legacy Healthcare,Aug 2024,yes,ABCM Corporation,before Aug 2024,non_pe,ABCM Corporation,Legacy Healthcare Financial Services LLC,pe,owner_and_operator_change,non_pe_to_pe,yes,exact,gold,"A clean ABCM-to-Cascade/Legacy transition. The current page shows Iowa Portfolio Opco Holdings LLC and Legacy managerial control since Aug 2024, while the older page lists ABCM Corporation as the pre-period owner.",gold_main,facility_public_current_plus_prehistory,facility_cms_managerial,clear_non_pe
PE008,Cascade Capital Group,Legacy Healthcare,Nora Springs Care Center,165347,IA,Nora Springs,"907 W Congress, Nora Springs, IA 50458",https://iowacapitaldispatch.com/2024/10/21/private-equity-firm-buys-29-iowa-nursing-homes-in-massive-85-million-deal/,https://projects.propublica.org/nursing-homes/homes/h-165347,No direct owner information on current page; Legacy Healthcare Financial Services LLC managerial control since Aug 2024,Affiliated With Cascade Capital Group,Aug 2024,yes,ABCM Corporation,before Aug 2024,non_pe,ABCM Corporation,Legacy Healthcare Financial Services LLC,pe,operator_change_with_owner_gap,likely_non_pe_to_pe,no,probable,silver,"A strong Cascade candidate. The older CMS-mirrored page lists ABCM Corporation as the pre-period owner, and the current ProPublica page shows Legacy managerial control since Aug 2024, but the current direct-owner fields are blank so I am keeping this below gold for now.",silver_main,chain_deal_plus_facility_match,facility_cms_managerial,clear_non_pe
PE008,Cascade Capital Group,Legacy Healthcare,Northgate Care Center,165338,IA,Waukon,"960 Fourth Street Nw, Waukon, IA 52172",https://iowacapitaldispatch.com/2024/10/21/private-equity-firm-buys-29-iowa-nursing-homes-in-massive-85-million-deal/,https://projects.propublica.org/nursing-homes/homes/h-165338,Iowa Portfolio Opco Holdings LLC (100%),Affiliated With Legacy Healthcare,Aug 2024,yes,ABCM Corporation,before Aug 2024,non_pe,ABCM Corporation,Legacy Healthcare Financial Services LLC,pe,owner_and_operator_change,non_pe_to_pe,yes,exact,gold,Another clean ABCM-to-Cascade/Legacy transition with the same dated ownership and managerial-control pattern as the other Iowa facilities.,gold_main,facility_public_current_plus_prehistory,facility_cms_managerial,clear_non_pe
PE008,Cascade Capital Group,Legacy Healthcare,Oakwood Care Center,165365,IA,Clear Lake,"400 Highway 18 West, Clear Lake, IA 50428",https://iowacapitaldispatch.com/2024/10/21/private-equity-firm-buys-29-iowa-nursing-homes-in-massive-85-million-deal/,https://projects.propublica.org/nursing-homes/homes/h-165365,Iowa Portfolio Opco Holdings LLC (100%),Affiliated With Legacy Healthcare,Aug 2024,yes,ABCM Corporation,before Aug 2024,non_pe,ABCM Corporation,Legacy Healthcare Financial Services LLC,pe,owner_and_operator_change,non_pe_to_pe,yes,exact,gold,"The older CMS-mirrored page is explicit that Oakwood Care Center was operated by ABCM Corporation in the pre-period, and the current CMS-linked page shows Iowa Portfolio Opco Holdings LLC with Legacy managerial control since Aug 2024.",gold_main,facility_public_current_plus_prehistory,facility_cms_managerial,clear_non_pe
PE008,Cascade Capital Group,Legacy Healthcare,Oelwein Health Care Center,165341,IA,Oelwein,"600 Seventh Street Se, Oelwein, IA 50662",https://iowacapitaldispatch.com/2024/10/21/private-equity-firm-buys-29-iowa-nursing-homes-in-massive-85-million-deal/,https://projects.propublica.org/nursing-homes/homes/h-165341,Iowa Portfolio Opco Holdings LLC (100%),Affiliated With Legacy Healthcare,Aug 2024,yes,ABCM Corporation,before Aug 2024,non_pe,ABCM Corporation,Legacy Healthcare Financial Services LLC,pe,owner_and_operator_change,non_pe_to_pe,yes,exact,gold,"The current CMS-linked page shows Legacy managerial control since Aug 2024. Older CMS-mirrored records list ABCM Corporation as the pre-period owner, and the 2024 Cascade transaction specifically covered this Oelwein facility.",gold_main,facility_public_current_plus_prehistory,facility_cms_managerial,clear_non_pe
PE008,Cascade Capital Group,Legacy Healthcare,Park View Rehabilitation Center,165343,IA,Sac City,"1401 North 14th Street, Sac City, IA 50583",https://iowacapitaldispatch.com/2024/10/21/private-equity-firm-buys-29-iowa-nursing-homes-in-massive-85-million-deal/,https://projects.propublica.org/nursing-homes/homes/h-165343,Iowa Portfolio Opco Holdings LLC; Cascade Capital Partners LLC,Affiliated With Legacy Healthcare,Aug 2024,yes,ABCM Corporation,before Aug 2024,non_pe,ABCM Corporation,Legacy Healthcare Financial Services LLC,pe,owner_and_operator_change,non_pe_to_pe,yes,exact,gold,"Especially useful because the current CMS-linked ownership chain explicitly names Cascade Capital Partners LLC, not just Legacy.",gold_main,facility_public_current_plus_prehistory,facility_cms_managerial,clear_non_pe
PE008,Cascade Capital Group,Legacy Healthcare,Rehabilitation Center Of Belmond,165380,IA,Belmond,"1107 Seventh Street Ne, Belmond, IA 50421",https://iowacapitaldispatch.com/2024/10/21/private-equity-firm-buys-29-iowa-nursing-homes-in-massive-85-million-deal/,https://projects.propublica.org/nursing-homes/homes/h-165380,Iowa Portfolio Opco Holdings Llc (100%),Affiliated With Legacy Healthcare,Aug 2024,yes,ABCM Corporation,before Aug 2024,non_pe,ABCM Corporation,Legacy Healthcare Financial Services Llc,pe,owner_and_operator_change,likely_non_pe_to_pe,no,exact,silver,"Current ProPublica ownership shows Iowa Portfolio Opco Holdings Llc as the direct owner and Legacy Healthcare Financial Services Llc in managerial control since Aug 2024. The 2019 HealthcareComps page identifies Rehabilitation Center of Belmond under ABCM Corporation at the same address and CCN. This is a strong ABCM-to-Cascade/Legacy transition, but it is being added through the silver expansion workflow.",silver_main,chain_deal_plus_facility_match,facility_cms_direct,clear_non_pe
PE008,Cascade Capital Group,Legacy Healthcare,Rehabilitation Centers Of Independence West Campus,165303,IA,Independence,"1610 Third Street Ne, Independence, IA 50644",https://iowacapitaldispatch.com/2024/10/21/private-equity-firm-buys-29-iowa-nursing-homes-in-massive-85-million-deal/,https://projects.propublica.org/nursing-homes/homes/h-165303,Iowa Portfolio Opco Holdings LLC (100%),Affiliated With Legacy Healthcare,Aug 2024,yes,ABCM Corporation,before Aug 2024,non_pe,ABCM Corporation,Legacy Healthcare Financial Services LLC,pe,owner_and_operator_change,non_pe_to_pe,yes,exact,gold,Current CMS-linked ownership shows Iowa Portfolio Opco Holdings LLC and Legacy managerial control since Aug 2024. The older CMS-mirrored page is explicit that the pre-period facility was ABCM Rehab Centers of Independence West Campus under ABCM Corporation.,gold_main,facility_public_current_plus_prehistory,facility_cms_managerial,clear_non_pe
PE008,Cascade Capital Group,Legacy Healthcare,Rolling Green Village Care Center,165361,IA,Nevada,"100 Sixth Street, Nevada, IA 50201",https://iowacapitaldispatch.com/2024/10/21/private-equity-firm-buys-29-iowa-nursing-homes-in-massive-85-million-deal/,https://projects.propublica.org/nursing-homes/homes/h-165361,Current page emphasizes Legacy managerial control,Affiliated With Legacy Healthcare,Aug 2024,yes,ABCM Corporation,before Aug 2024,non_pe,ABCM Corporation,Legacy Healthcare Financial Services LLC,pe,operator_change_with_owner_gap,likely_non_pe_to_pe,no,probable,silver,"A strong candidate from the ABCM portfolio, but I am keeping it one notch below gold because the current CMS-linked page is thinner on the direct-owner fields than the other Iowa facilities.",silver_main,chain_deal_plus_facility_match,facility_cms_managerial,clear_non_pe
PE008,Cascade Capital Group,Legacy Healthcare,Valley Vue Care Center,165353,IA,Armstrong,"108 Second Street, Armstrong, IA 50514",https://iowacapitaldispatch.com/2024/10/21/private-equity-firm-buys-29-iowa-nursing-homes-in-massive-85-million-deal/,https://projects.propublica.org/nursing-homes/homes/h-165353,Iowa Portfolio Opco Holdings LLC (100%),Affiliated With Legacy Healthcare,Aug 2024,yes,ABCM Corporation,before Aug 2024,non_pe,ABCM Corporation,Legacy Healthcare Financial Services LLC,pe,owner_and_operator_change,non_pe_to_pe,yes,exact,gold,This is another clean ABCM-to-Cascade/Legacy transition from the 2024 Iowa portfolio.,gold_main,facility_public_current_plus_prehistory,facility_cms_managerial,clear_non_pe
PE008,Cascade Capital Group,Legacy Healthcare,Westview Care Center,165363,IA,Britt,"445 Eighth Avenue Sw, Britt, IA 50423",https://iowacapitaldispatch.com/2024/10/21/private-equity-firm-buys-29-iowa-nursing-homes-in-massive-85-million-deal/,https://projects.propublica.org/nursing-homes/homes/h-165363,Iowa Portfolio Opco Holdings LLC (100%),Affiliated With Legacy Healthcare,Aug 2024,yes,ABCM Corporation,before Aug 2024,non_pe,ABCM Corporation,Legacy Healthcare Financial Services LLC,pe,owner_and_operator_change,non_pe_to_pe,yes,exact,gold,This Britt facility follows the same clean ABCM to Cascade/Legacy pattern seen elsewhere in the Iowa portfolio.,gold_main,facility_public_current_plus_prehistory,facility_cms_managerial,clear_non_pe
PE008,Cascade Capital Group,Legacy Healthcare,Westview Of Indianola Care Center,165369,IA,Indianola,"1900 West Third Place, Indianola, IA 50125",https://www.beckershospitalreview.com/post-acute/pe-firm-acquires-29-iowa-nursing-homes-for-85m/,https://projects.propublica.org/nursing-homes/homes/h-165369,Iowa Portfolio Opco Holdings LLC (100%); Indianola IA Property Holdings LLC,Affiliated With Legacy Healthcare,Aug 2024,yes,ABCM Corporation,before Aug 2024,non_pe,ABCM Corporation,Legacy Healthcare Financial Services LLC,pe,owner_and_operator_change,non_pe_to_pe,yes,exact,gold,"The current CMS-linked page directly lists Cascade Capital entities in the indirect ownership chain and Legacy managerial control since Aug 2024. Older CMS-mirrored records list ABCM Corporation as the pre-period owner, so this is one of the clearest non-PE to PE transitions in the file.",gold_main,facility_public_current_plus_prehistory,facility_cms_managerial,clear_non_pe
PE008,Cascade Capital Group,Legacy Healthcare,Willow Dale Wellness Village,165342,IA,Battle Creek,"404 First Street, Battle Creek, IA 51006",https://iowacapitaldispatch.com/2024/10/21/private-equity-firm-buys-29-iowa-nursing-homes-in-massive-85-million-deal/,https://projects.propublica.org/nursing-homes/homes/h-165342,Iowa Portfolio Opco Holdings LLC; Menachem Shabat,Affiliated With Legacy Healthcare,Aug 2024,yes,ABCM Corporation,before Aug 2024,non_pe,ABCM Corporation,Legacy Healthcare Financial Services LLC,pe,owner_and_operator_change,non_pe_to_pe,yes,exact,gold,"This is another clean ABCM-to-Cascade/Legacy transition. The 2019 CMS-mirrored page lists ABCM Corporation as the pre-period owner, and the current ProPublica page shows the Legacy/Cascade structure beginning in Aug 2024.",gold_main,facility_public_current_plus_prehistory,facility_cms_managerial,clear_non_pe
PE013,Gold FL Trust II,Gold FL Trust II portfolio,Club Healthcare And Rehabilitation Center At The V,106095,FL,The Villages,"16529 Se 86 Th Belle Meade Circle, The Villages, FL 32162",https://projects.propublica.org/nursing-homes/affiliate/a-594,https://projects.propublica.org/nursing-homes/homes/h-106095,The Club Snf Holdco LLC (100%),Affiliated With Gold Fl Trust Ii,Jul 2022,yes,Mulberry Grove NH LLC,before Jul 2022,non_pe,Mulberry Grove NH LLC,No information available,pe,owner_change_trust_holdco_entry,non_pe_to_pe,yes,exact,gold,"Current CMS-linked ownership shows The Club SNF Holdco LLC with Gold FL-related trust entities since Jul 2022. The 2019 CMS-mirrored page identifies the pre-period facility as Club Health and Rehabilitation Center at the Villa under Mulberry Grove NH LLC, with no evident PE marker on the older page.",gold_main,facility_public_current_plus_prehistory,facility_cms_direct,clear_non_pe
PE013,Gold FL Trust II,Gold FL Trust II portfolio,Cypress Care Center,105649,FL,Wildwood,"490 S Old Wire Rd, Wildwood, FL 34785",https://projects.propublica.org/nursing-homes/affiliate/a-594,https://projects.propublica.org/nursing-homes/homes/h-105649,Arbor Nursing Holdco LLC (100%),Affiliated With Gold Fl Trust Ii,Jul 2022,yes,Old Wire Road Care Inc,before Jul 2022,non_pe,Dwayne Graham,No information available,pe,owner_change_trust_holdco_entry,non_pe_to_pe,yes,exact,gold,"Current CMS-linked ownership shows Arbor Nursing Holdco LLC since Mar 2022 with Fl Master Opco Holdco LLC and Fl SNF Trust I/II entering since Jul 2022 on a page affiliated with Gold FL Trust Ii. The 2019 CMS-mirrored page identifies the same CCN and address under Old Wire Road Care Inc. with Michael Bleich in the ownership structure, making this a defensible local-owner to Gold FL trust-holdco transition.",gold_main,facility_public_current_plus_prehistory,facility_cms_direct,clear_non_pe
PE013,Gold FL Trust II,Gold FL Trust II portfolio,North Lake Care Center And Rehab,105640,FL,Lake Park,"750 Bayberry Drive, Lake Park, FL 33403",https://projects.propublica.org/nursing-homes/affiliate/a-594,https://projects.propublica.org/nursing-homes/homes/h-105640,North Lake Nursing Holdco LLC (100%),Affiliated With Gold Fl Trust Ii,Jul 2022,yes,North Lake Facility Inc.,before Jul 2022,non_pe,North Lake Facility Inc.,No information available,pe,owner_change_trust_holdco_entry,non_pe_to_pe,yes,exact,gold,"Current CMS-linked ownership shows North Lake Nursing Holdco LLC since Mar 2022 with Fl Master Opco Holdco LLC and Fl SNF Trust I/II entering since Jul 2022. The 2019 CMS-mirrored page identifies the same CCN and address under North Lake Facility Inc. with a localized owner-control structure, making this a clean local-operator to Gold FL trust-holdco transition.",gold_main,facility_public_current_plus_prehistory,facility_cms_direct,clear_non_pe
PE013,Gold FL Trust II,Gold FL Trust II portfolio,Palms Care Center And Rehab,105336,FL,Lauderdale Lakes,"3370 Nw 47 Th Terrace, Lauderdale Lakes, FL 33319",https://projects.propublica.org/nursing-homes/affiliate/a-594,https://projects.propublica.org/nursing-homes/homes/h-105336,Palms Nursing Holdco LLC (100%),Affiliated With Gold Fl Trust Ii,Aug 2023,yes,Palms Facility Inc.,before Aug 2023,non_pe,Palms Facility Inc.,No information available,pe,owner_change_trust_holdco_entry,non_pe_to_pe,yes,exact,gold,"Current CMS-linked ownership shows Palms Nursing Holdco LLC with Fl Master Opco Holdco II LLC, Fl SNF Trust I, and Fl SNF Trust II entering since Aug 2023. The 2019 CMS-mirrored page shows the same facility under Palms Facility Inc., making this a clean pre-period local operator to trust-holdco transition.",gold_main,facility_public_current_plus_prehistory,facility_cms_direct,clear_non_pe
PE013,Gold FL Trust II,Gold FL Trust II portfolio,Ridgecrest Healthcare And Rehabilitation Center,106061,FL,Deland,"1200 North Stone Street, Deland, FL 32720",https://projects.propublica.org/nursing-homes/affiliate/a-594,https://projects.propublica.org/nursing-homes/homes/h-106061,Ridgecrest Nursing And Rehab Holdco LLC (100%),Affiliated With Gold Fl Trust Ii,post-2019 current structure visible,yes,"Ridgecrest NH, LLC / Greystone Healthcare-linked structure",before current Gold FL period,unknown,Greystone Healthcare Management Corp,No information available,pe,owner_change_with_possible_prior_investment_chain,unclear,no,probable,silver,"The current CMS-linked page clearly places the facility in the Gold FL trust structure, but the 2019 page shows Greystone-linked ownership and management. Because the prior structure may already have been financially complex, this row stays below the verified treatment set.",silver_unclear,chain_deal_plus_facility_match,facility_cms_direct,likely_pe_or_financialized
PE013,Gold FL Trust II,Gold FL Trust II portfolio,South Campus Care Center And Rehab,105375,FL,Leesburg,"715 E Dixie Ave, Leesburg, FL 34748",https://projects.propublica.org/nursing-homes/affiliate/a-594,https://projects.propublica.org/nursing-homes/homes/h-105375,South Campus Nursing Holdco LLC (100%),Affiliated With Gold Fl Trust Ii,Jul 2022,yes,NCRNC Inc.,before Jul 2022,non_pe,NCRNC Inc.,No information available,pe,owner_change_trust_holdco_entry,non_pe_to_pe,yes,exact,gold,"Current CMS-linked ownership shows South Campus Nursing Holdco LLC and Fl SNF Trust I/II entering since Jul 2022. The 2019 CMS-mirrored page shows the pre-period facility under NCRNC Inc., making this a usable pre-to-post ownership transition.",gold_main,facility_public_current_plus_prehistory,facility_cms_direct,clear_non_pe
PE013,Gold FL Trust II,Gold FL Trust II portfolio,"Villages Healthcare And Rehabilitation Center, The",106099,FL,Lady Lake,"900 Highway 466, Lady Lake, FL 32159",https://projects.propublica.org/nursing-homes/affiliate/a-594,https://projects.propublica.org/nursing-homes/homes/h-106099,The Villages Nursing And Rehab Holdco LLC (100%),Affiliated With Gold Fl Trust Ii,Dec 2023,yes,DBI Health Inc.,before Dec 2023,non_pe,DBI Health Inc.,No information available,pe,owner_change_trust_holdco_entry,non_pe_to_pe,yes,exact,gold,"Current CMS-linked ownership shows The Villages Nursing And Rehab Holdco LLC with Copper FL Trust II, Fl Master Opco Holdco LLC, Gold FL Trust II, and Silver FL Trust II entering since Dec 2023. The 2019 CMS-mirrored page identifies the pre-period facility under DBI Health Inc. and Deborah Brazill, making this a defensible non-PE to PE trust-holdco transition.",gold_main,facility_public_current_plus_prehistory,facility_cms_direct,clear_non_pe
PE013,Gold FL Trust II,Gold FL Trust II portfolio,Williston Care Center And Rehab,105467,FL,Williston,"300 Nw 1 St Ave, Williston, FL 32696",https://projects.propublica.org/nursing-homes/affiliate/a-594,https://projects.propublica.org/nursing-homes/homes/h-105467,Williston Nursing Holdco LLC (100%),Affiliated With Gold Fl Trust Ii,Aug 2023,yes,Williston Facility Inc.,before Aug 2023,non_pe,Michael Bleich,No information available,pe,owner_change_trust_holdco_entry,non_pe_to_pe,yes,probable,gold,"The current CMS-linked ProPublica ownership listing places the facility in the Gold FL trust structure, and the ProPublica search preview for the same facility shows Williston Nursing Holdco LLC with Fl Master Opco Holdco II LLC and Fl SNF Trust I/II since Aug 2023. The 2019 CMS-mirrored page identifies the same CCN and address under Williston Facility Inc. with 1st Avenue Care Inc and Michael Bleich in the pre-period ownership structure, making this a usable local-owner to Gold FL trust-holdco transition.",gold_main,facility_public_current_plus_prehistory,facility_cms_direct,clear_non_pe
PE014,International Equity Partners,Cypress Healthcare Group,Fair Oaks Healthcare Center,555153,CA,Fair Oaks,"11300 Fair Oaks Blvd, Fair Oaks, CA 95628",https://oag.ca.gov/node/572748,https://projects.propublica.org/nursing-homes/homes/h-555153,Cypress Healthcare Group LLC (100%),Affiliated With Cypress Healthcare Group,Sep 2023,yes,Eskaton Properties Incorporated,before Sep 2023,non_pe,Eskaton Properties Incorporated,Cypress Healthcare Group LLC / Jack Sanofsky,pe,owner_and_operator_change,likely_non_pe_to_pe,no,exact,silver,"Current CMS-linked ownership shows Cypress Healthcare Group LLC as the direct owner and Cypress Healthcare Group affiliation since Sep 2023. California AG materials identify the same facility in Eskaton Properties Incorporated's 2023 sale to International Equity Partners with Cypress as the operator, and the 2019 CMS-mirrored page identifies Eskaton Properties Incorporated as the nonprofit pre-period owner. This is a strong nonprofit-to-investor/operator transition, but it remains below the verified treatment set because IEP is described publicly as an independent investment management firm specializing in control structured investments rather than explicitly as a PE firm.",silver_unclear,chain_deal_plus_facility_match,facility_cms_direct,clear_non_pe
PE014,International Equity Partners,Cypress Healthcare Group,Greenhaven Healthcare Center,555098,CA,Sacramento,"455 Florin Road, Sacramento, CA 95831",https://oag.ca.gov/node/572748,https://projects.propublica.org/nursing-homes/homes/h-555098,Cypress Healthcare Group LLC (100%),Affiliated With Cypress Healthcare Group,Sep 2023,yes,Eskaton Properties Incorporated,before Sep 2023,non_pe,Eskaton Properties Incorporated,Cypress Healthcare Group LLC / Jack Sanofsky,pe,owner_and_operator_change,likely_non_pe_to_pe,no,exact,silver,"Current CMS-linked ownership shows Cypress Healthcare Group LLC as the direct owner and Cypress Healthcare Group affiliation since Sep 2023. California AG materials identify the same facility in Eskaton Properties Incorporated's 2023 sale to International Equity Partners with Cypress as the operator, and ownership-history material shows Eskaton Properties Incorporated as the pre-period owner/operator. The takeover is real and the pre-period nonprofit seller is clean, but this row remains below the verified treatment set because the PE characterization of IEP is still inferential rather than explicit in the public source trail.",silver_unclear,chain_deal_plus_facility_match,facility_cms_direct,clear_non_pe
PE014,International Equity Partners,Cypress Healthcare Group,Manzanita Healthcare Center,555083,CA,Carmichael,"5318 Manzanita Avenue, Carmichael, CA 95608",https://oag.ca.gov/node/572748,https://projects.propublica.org/nursing-homes/homes/h-555083,Cypress Healthcare Group LLC (100%),Affiliated With Cypress Healthcare Group,Sep 2023,yes,Eskaton Properties Incorporated,before Sep 2023,non_pe,Eskaton Properties Incorporated,Cypress Healthcare Group LLC / Jack Sanofsky,pe,owner_and_operator_change,likely_non_pe_to_pe,no,exact,silver,"Current CMS-linked ownership shows Cypress Healthcare Group LLC as the direct owner and Cypress Healthcare Group affiliation since Sep 2023. California AG materials identify the same facility in Eskaton Properties Incorporated's 2023 sale to International Equity Partners with Cypress as the operator, and the older CMS-mirrored page identifies Eskaton Properties Incorporated as the pre-period owner/operator. This is a credible nonprofit-to-investor/operator transition, but it remains below the verified treatment set because IEP is described publicly as an investment-management control buyer rather than explicitly as a PE firm.",silver_unclear,chain_deal_plus_facility_match,facility_cms_direct,clear_non_pe
PE015,Pacifica Companies,RHF California retirement communities,Auburn Ravine Healthcare Center,555645,CA,Auburn,"750 Auburn Ravine Road, Auburn, CA 95603",https://oag.ca.gov/news/press-releases/attorney-general-bonta-conditionally-approves-sale-four-retirement-communities,https://projects.propublica.org/nursing-homes/homes/h-555645,Cypress Healthcare Group LLC (100%),Affiliated With Cypress Healthcare Group,Feb 2024,yes,Retirement Housing Foundation / Auburn Ravine Terrace,before Feb 2024,non_pe,Retirement Housing Foundation,Glockston LLC / Cypress Healthcare Group LLC,pe,owner_and_operator_change,non_pe_to_pe,yes,exact,gold,"Current CMS-linked ownership shows Auburn Ravine Healthcare Center under Cypress Healthcare Group LLC with managerial control beginning in Feb 2024. California AG sale materials identify Auburn Ravine Terrace as one of the RHF communities sold to Pacifica Companies, and a related AG operator letter ties Glockston LLC and Cypress Healthcare Group LLC to the Auburn SNF operating structure. Because Pacifica is publicly described as a private equity buyer and the pre-period owner was nonprofit RHF, this is a defensible non-PE to PE transition.",gold_main,facility_public_current_plus_prehistory,facility_cms_direct,clear_non_pe
PE015,Pacifica Companies,RHF California retirement communities,Bixby Towers Post-Acute Rehab,056283,CA,Long Beach,"3747 Atlantic Ave, Long Beach, CA 90807",https://oag.ca.gov/news/press-releases/attorney-general-bonta-conditionally-approves-sale-four-retirement-communities,https://projects.propublica.org/nursing-homes/homes/h-056283,Jacaranda Healthcare Group LLC (100%),Affiliated With Aspen Skilled Healthcare,Jun 2023,yes,Retirement Housing Foundation / Bixby Knolls Towers,before Jun 2023,non_pe,Retirement Housing Foundation,ASLB LLC / Jacaranda Healthcare Group LLC / Aspen Skilled Healthcare Inc / Stephen Thompson,pe,owner_and_operator_change,non_pe_to_pe,yes,exact,gold,"Current ProPublica ownership now shows Bixby Towers Post Acute Rehab with Jacaranda Healthcare Group LLC as the direct owner since Jun 2023, Aspen Skilled Healthcare Inc as an indirect owner since Nov 2022, and Stephen Thompson in managerial control since Feb 2024. California AG sale materials place Bixby Knolls Towers in RHF's sale to Pacifica Companies, and the AG designee/operator table identifies Atlantic Ave Holdings as the sale designee with the Bixby SNF operator structure later amended into ASLB/Aspen. Because Pacifica is explicitly described as a private equity buyer and the current CMS-linked ownership chain aligns with the buyer-side entities, this is a defensible non-PE to PE transition.",gold_main,facility_public_current_plus_prehistory,facility_cms_direct,clear_non_pe
PE015,Pacifica Companies,RHF California retirement communities,Pioneer House,555542,CA,Sacramento,"415 P Street, Sacramento, CA 95814",https://oag.ca.gov/news/press-releases/attorney-general-bonta-conditionally-approves-sale-four-retirement-communities,https://nursinghomereport.org/ownership.php?provnum=555542,Cypress Healthcare Group LLC (100%),Current CMS-derived ownership reporting identifies Alister LLC as the legal business name and Cypress Healthcare Group LLC as the direct owner with operational control since Jun 2023,Jun 2023,yes,Retirement Housing Foundation,before Jun 2023,non_pe,Retirement Housing Foundation,Alister LLC / Cypress Healthcare Group LLC,pe,owner_and_operator_change,non_pe_to_pe,yes,probable,gold,"California AG sale materials place Pioneer House in RHF's sale to Pacifica Companies and identify P Street Holdings as the sale designee and Alister LLC as the buyer-side SNF operator. Current CMS-derived ownership reporting consistently ties the facility to Alister LLC and Cypress Healthcare Group LLC with operational control since Jun 2023. This is a defensible non-PE to PE transition, but it remains silver rather than gold because the post-period ownership trail is being recovered through consistent CMS-derived secondary ownership pages rather than a clean current ProPublica ownership tab.",gold_main,facility_public_current_plus_prehistory,secondary_cms_derived,clear_non_pe
PE016,Pacifica Companies,California-Nevada Methodist Homes SNFs,Lake Park Healthcare Center,555113,CA,Oakland,"1850 Alice Street, Oakland, CA 94612",https://oag.ca.gov/news/press-releases/attorney-general-bonta-conditionally-approves-sale-california-nevada-methodist,https://projects.propublica.org/nursing-homes/homes/h-555113,"Aoas, LLC (100%)",Affiliated With Aspen Skilled Healthcare,Sep 2023,yes,California-Nevada Methodist Homes / Lake Park Retirement Residence,before Sep 2023,non_pe,California-Nevada Methodist Homes,"Aoas, LLC / Aspen Skilled Healthcare INC / Sequoia Healthcare Group LLC",pe,owner_and_operator_change,likely_non_pe_to_pe,no,exact,silver,"California AG materials identify Pacifica Companies LLC as the buyer of California-Nevada Methodist Homes, a nonprofit operator whose Lake Park campus included a 35-bed skilled nursing facility in Oakland. The current ProPublica page for Lake Park Healthcare Center shows Aoas, LLC as direct owner with Aspen Skilled Healthcare and Sequoia Healthcare Group in the ownership chain since Sep 2023. Because Pacifica is publicly described as a private equity buyer and the current facility ownership bridges into the known Pacifica/Aspen California network, this is a strong silver_main row.",silver_main,chain_deal_plus_facility_match,chain_owner_match,clear_non_pe
PE017,Pacifica Companies,Keiro SNFs,Kei Ai Los Angeles Healthcare Center,555438,CA,Los Angeles,"2221 Lincoln Park Ave, Los Angeles, CA 90031",https://seniorshousingbusiness.com/blueprint-arranges-41m-sale-of-642-unit-keiro-portfolio-in-los-angeles/,https://projects.propublica.org/nursing-homes/homes/h-555438,Alal LLC (100%),Affiliated With Aspen Skilled Healthcare,Apr 2016,yes,Keiro Nursing Home,before Apr 2016,non_pe,Keiro Senior HealthCare,Alal LLC / Aspen Skilled Healthcare Inc,pe,owner_and_operator_change,likely_non_pe_to_pe,no,exact,silver,"Blueprint reports that Pacifica Companies, described as a private investment firm, bought Keiro's four-property Los Angeles portfolio in 2016 and leased the two skilled nursing facilities to Aspen Healthcare. Keiro's own post-sale communication confirms that the former Keiro Nursing Home was renamed Kei Ai Los Angeles Healthcare Center and operated by Aspen Skilled Healthcare. The current ProPublica page for the same CCN shows Alal LLC with Aspen Skilled Healthcare in the ownership chain since Apr 2016, making this a strong silver_main nonprofit-to-PE entry.",silver_main,chain_deal_plus_facility_match,chain_owner_match,clear_non_pe
PE017,Pacifica Companies,Keiro SNFs,Kei Ai South Bay Healthcare Center,555306,CA,Gardena,"15115 S Vermont Ave, Gardena, CA 90247",https://seniorshousingbusiness.com/blueprint-arranges-41m-sale-of-642-unit-keiro-portfolio-in-los-angeles/,https://projects.propublica.org/nursing-homes/homes/h-555306,Agva LLC (100%),Affiliated With Aspen Skilled Healthcare,May 2016,yes,South Bay Keiro Nursing Home,before May 2016,non_pe,Keiro Senior HealthCare,Agva LLC / Aspen Skilled Healthcare Inc,pe,owner_and_operator_change,likely_non_pe_to_pe,no,exact,silver,"Blueprint reports that Pacifica Companies bought Keiro's Los Angeles portfolio and leased the two skilled nursing facilities to Aspen Healthcare, while Keiro's post-sale notice states that South Bay Keiro Nursing Home became Kei Ai South Bay Healthcare Center under Aspen Skilled Healthcare. The current ProPublica page for the same CCN shows Agva LLC in direct ownership with Aspen-linked management beginning in May 2016. This supports a strong silver_main nonprofit-to-PE transition.",silver_main,chain_deal_plus_facility_match,chain_owner_match,clear_non_pe
