ccn_str,facility_name_reit_file,state,owner_cluster,year,event_time,ltcfocus_facility_name,ltcfocus_state,ltcfocus_total_beds,ltcfocus_residents,ltcfocus_avg_dailycensus,ltcfocus_medicaid_share,ltcfocus_medicare_share,ltcfocus_rn_hprd,ltcfocus_lpn_hprd,ltcfocus_cna_hprd,ltcfocus_directcare_hprd,ltcfocus_obs_rehosprate,ltcfocus_adj_rehosprate,ltcfocus_source_file,cms_provider_name,cms_ownership_type,cms_legal_business_name,cms_certified_beds,cms_average_residents,cms_chow_last_12mos,cms_overall_rating,cms_survey_rating,cms_quality_rating,cms_staffing_rating,cms_rn_staffing_rating,cms_provider_aide_hprd,cms_provider_lpn_hprd,cms_provider_rn_hprd,cms_provider_total_licensed_hprd,cms_provider_total_nurse_hprd,cms_provider_pt_hprd,cms_staffing_file_quarters,cms_staffing_file_aide_hprd,cms_staffing_file_lpn_hprd,cms_staffing_file_rn_hprd,cms_staffing_file_total_licensed_hprd,cms_staffing_file_total_nurse_hprd,cms_staffing_file_pt_hprd,cms_staffing_file_expected_aide,cms_staffing_file_expected_lpn,cms_staffing_file_expected_rn,cms_staffing_file_expected_total,cms_staffing_file_adjusted_aide,cms_staffing_file_adjusted_lpn,cms_staffing_file_adjusted_rn,cms_staffing_file_adjusted_total,cms_deficiency_citations,cms_deficiency_distinct_tags,cms_deficiency_complaint_citations,cms_deficiency_standard_citations,cms_deficiency_unique_survey_dates,cms_survey_summary_health_deficiencies,cms_survey_summary_fire_deficiencies,cms_survey_summary_health_severity_score,cms_survey_summary_health_ij_count,cms_survey_summary_health_severe_count
155495,PADDOCK SPRINGS,IN,American Healthcare REIT / Trilogy,2013,-2,LAKELAND REHABILITATION AND HEALTHCARE CENTER,IN,60,,50.61,68.0,10.0,0.309,0.743,1.449,2.501,0.2644,0.276,facility_2013.xls,LAKELAND REHABILITATION AND HEALTHCARE CENTER,FOR PROFIT - CORPORATION,Legal Business Name Not Available,60,51,N,3,3,4,3,3,1.94,0.91,0.68,1.58,3.53,0.02,4.0,1.6925000000000001,0.9850000000000001,0.62,1.6025,3.2975000000000003,0.04,2.501,0.606,1.03175,4.1425,1.6625,1.355,0.445,3.2024999999999997,,,,,,,,,,
155495,PADDOCK SPRINGS,IN,American Healthcare REIT / Trilogy,2014,-1,LAKELAND REHABILITATION AND HEALTHCARE CENTER,IN,60,,51.36,68.0,10.0,0.309,0.743,1.449,2.501,0.2105,0.2106,facility_2014.xls,LAKELAND REHABILITATION AND HEALTHCARE CENTER,For profit - Corporation,TRILOGY HEALTHCARE CENTERS LLC,60,50,N,2,1,5,2,3,1.66,0.743,0.734,1.477,3.137,0.023,4.0,1.6468875,0.810315,0.6993199999999999,1.5096375000000002,3.1565225,0.032345,2.5026900000000003,0.6554625,1.09911,4.2572575,1.61498,1.040525,0.47546,2.992125,17.0,14.0,5.0,12.0,4.0,,,,,
155495,PADDOCK SPRINGS,IN,American Healthcare REIT / Trilogy,2015,0,LAKELAND REHABILITATION AND HEALTHCARE CENTER,IN,60,,51.74,70.0,16.0,0.517,1.123,1.466,3.106,0.2754,0.2643,facility_2015.xls,LAKELAND REHABILITATION AND HEALTHCARE CENTER,Government - County,HANCOCK REGIONAL HOSPITAL,60,50,N,1,1,1,3,4,1.466,1.123,1.047,2.17,3.636,0.059,4.0,1.563,0.933,0.8905,1.8235000000000001,3.3865,0.040999999999999995,2.524875,0.718255,1.13306,4.3761849999999995,1.518955,1.074065,0.590255,3.120045,22.0,22.0,0.0,22.0,2.0,,,,,
155495,PADDOCK SPRINGS,IN,American Healthcare REIT / Trilogy,2016,1,LAKELAND REHABILITATION AND HEALTHCARE CENTER,IN,60,,46.55,67.31,15.38,0.497,0.879,1.947,3.323,0.2424,,facility_2016.xls,LAKELAND REHABILITATION AND HEALTHCARE CENTER,Government - County,HANCOCK REGIONAL HOSPITAL,60,50,N,1,1,2,3,4,1.466,1.123,1.047,2.17,3.636,0.059,4.0,1.70656,1.000925,0.94177,1.9426899999999998,3.649255,0.044405,2.512525,0.6507149999999999,1.000845,4.164085,1.6678350000000002,1.27748,0.702475,3.541195,14.0,14.0,0.0,14.0,1.0,,,,,
155495,PADDOCK SPRINGS,IN,American Healthcare REIT / Trilogy,2017,2,LAKELAND REHABILITATION AND HEALTHCARE CENTER,IN,60,46,46.26,82.61,10.87,0.286,0.993,1.377,2.657,0.2759,0.2764,facility_2017.xls,LAKELAND REHABILITATION AND HEALTHCARE CENTER,Government - County,HANCOCK REGIONAL HOSPITAL,60,46,N,1,2,3,1,2,1.44891,0.99348,0.56848,1.56196,3.01087,0.05543,,,,,,,,,,,,,,,,29.0,22.0,0.0,29.0,3.0,2,,,0,0
155680,HOMEWOOD HEALTH CAMPUS,IN,American Healthcare REIT / Trilogy,2013,-2,HOMEWOOD HEALTH CAMPUS,IN,68,,53.98,37.29,32.2,0.441,1.22,2.586,4.247,0.1319,0.141,facility_2013.xls,HOMEWOOD HEALTH CAMPUS,FOR PROFIT - CORPORATION,Legal Business Name Not Available,68,53,N,2,2,4,,,,,,,,1000.0,4.0,2.68,1.22,0.73,1.95,4.63,750.03,2.4525,0.65325,1.1335,4.2375,2.59,1.55,0.53,4.42,15.0,15.0,2.0,13.0,3.0,,,,,
155680,HOMEWOOD HEALTH CAMPUS,IN,American Healthcare REIT / Trilogy,2014,-1,HOMEWOOD HEALTH CAMPUS,IN,68,,54.23,44.44,35.19,1.014,1.208,2.618,4.84,0.0796,0.1011,facility_2014.xls,HOMEWOOD HEALTH CAMPUS,For profit - Corporation,"TRILOGY HEALTHCARE OF LEBANON, LLC",68,59,N,3,2,4,4,3,2.67881,1.22034,0.73136,1.95169,4.63051,0.1161,4.0,2.67881,1.22034,0.73136,1.95169,4.63051,0.1161,2.5357925000000003,0.6645975,1.1125275000000001,4.312915,2.5927425,1.52549,0.49119999999999997,4.328602500000001,18.0,18.0,0.0,18.0,2.0,,,,,
155680,HOMEWOOD HEALTH CAMPUS,IN,American Healthcare REIT / Trilogy,2015,0,HOMEWOOD HEALTH CAMPUS,IN,68,,52.87,52.94,21.57,0.883,1.829,2.761,5.474,0.0893,0.1184,facility_2015.xls,HOMEWOOD HEALTH CAMPUS,For profit - Corporation,WITHAM MEMORIAL HOSPITAL,68,54,Y,4,2,5,5,5,2.96944,1.20833,1.5537,2.76204,5.73147,0.11944,4.0,2.96944,1.20833,1.5537,2.76204,5.73147,0.11944,2.4059274999999998,0.64036,1.1660225,4.2123099999999996,3.0292325,1.5675925,0.9962900000000001,5.4871,13.0,13.0,7.0,12.0,2.0,,,,,
155680,HOMEWOOD HEALTH CAMPUS,IN,American Healthcare REIT / Trilogy,2016,1,HOMEWOOD HEALTH CAMPUS,IN,68,,51.02,54.0,24.0,0.652,0.817,1.597,3.066,0.1648,,facility_2016.xls,HOMEWOOD HEALTH CAMPUS,For profit - Corporation,WITHAM MEMORIAL HOSPITAL,68,54,Y,4,2,5,5,5,2.96944,1.20833,1.5537,2.76204,5.73147,0.11944,4.0,2.8467700000000002,1.67414,1.51416,3.1883025,6.035069999999999,0.1247125,2.388985,0.6143925,1.155735,4.159105,2.9240025000000003,2.267005,0.9789950000000001,5.849057500000001,2.0,2.0,2.0,0.0,2.0,,,,,
155680,HOMEWOOD HEALTH CAMPUS,IN,American Healthcare REIT / Trilogy,2017,2,HOMEWOOD HEALTH CAMPUS,IN,68,56,56.23,54.0,24.0,0.652,0.817,1.597,3.066,0.1677,,facility_2017.xls,HOMEWOOD HEALTH CAMPUS,For profit - Partnership,WITHAM MEMORIAL HOSPITAL,68,50,N,3,2,5,3,4,1.833,0.817,0.963,1.78,3.613,0.171,,,,,,,,,,,,,,,,30.0,22.0,12.0,24.0,6.0,8,,,0,1
155712,COVERED BRIDGE HEALTH CAMPUS,IN,American Healthcare REIT / Trilogy,2013,-2,COVERED BRIDGE HEALTH CAMPUS,IN,78,,63.44,40.0,23.33,0.89,0.938,1.828,3.657,0.1702,0.1619,facility_2013.xls,COVERED BRIDGE HEALTH CAMPUS,FOR PROFIT - CORPORATION,Legal Business Name Not Available,78,54,N,4,3,2,4,4,2.66,1.31,0.82,2.13,4.79,0.11,4.0,2.66,1.31,0.82,2.13,4.79,0.11,2.515,0.704,1.147,4.37,2.59,1.54,0.54,4.42,6.0,6.0,0.0,6.0,1.0,,,,,
155712,COVERED BRIDGE HEALTH CAMPUS,IN,American Healthcare REIT / Trilogy,2014,-1,COVERED BRIDGE HEALTH CAMPUS,IN,78,,62.3,42.11,31.58,1.037,0.372,1.668,3.077,0.1582,0.1488,facility_2014.xls,COVERED BRIDGE HEALTH CAMPUS,For profit - Corporation,TRILOGY HEALTH SERVICES LLC,78,60,N,4,3,3,4,5,2.01917,0.93833,1.27083,2.20917,4.22833,0.095,4.0,2.01917,0.93833,1.27083,2.20917,4.22833,0.095,2.5182575,0.70706,1.1852875,4.4105975,1.9682074999999999,1.10236,0.8015525,3.8662199999999998,,,,,,,,,,
155712,COVERED BRIDGE HEALTH CAMPUS,IN,American Healthcare REIT / Trilogy,2015,0,COVERED BRIDGE HEALTH CAMPUS,IN,78,,60.82,42.11,31.58,1.037,0.372,1.668,3.077,0.1053,0.0978,facility_2015.xls,COVERED BRIDGE HEALTH CAMPUS,Government - County,JACKSON COUNTY SCHNECK MEMORIAL HOSPITAL,78,57,Y,3,3,3,3,5,1.76842,0.37193,1.61579,1.98772,3.75614,0.09035,4.0,1.893795,0.65513,1.4433099999999999,2.098445,3.992235,0.09267500000000001,2.4844049999999998,0.6953,1.2048,4.3845,1.868455,0.7716649999999999,0.89478,3.6674949999999997,15.0,14.0,0.0,15.0,3.0,,,,,
155712,COVERED BRIDGE HEALTH CAMPUS,IN,American Healthcare REIT / Trilogy,2016,1,COVERED BRIDGE HEALTH CAMPUS,IN,78,,57.62,47.54,24.59,0.489,0.491,1.902,2.882,0.1347,,facility_2016.xls,COVERED BRIDGE HEALTH CAMPUS,Government - County,JACKSON COUNTY SCHNECK MEMORIAL HOSPITAL,78,57,N,3,3,3,3,5,1.76842,0.37193,1.61579,1.98772,3.75614,0.09035,4.0,1.90891,0.37761500000000003,1.5209525000000002,1.8985675,3.8074775,0.07607,2.3823075,0.65593,1.1010024999999999,4.1392325,1.9670800000000002,0.477985,1.03333,3.7103475,2.0,2.0,2.0,0.0,1.0,,,,,
155712,COVERED BRIDGE HEALTH CAMPUS,IN,American Healthcare REIT / Trilogy,2017,2,COVERED BRIDGE HEALTH CAMPUS,IN,78,50,56.92,47.54,24.59,0.489,0.491,1.902,2.882,0.1389,0.1542,facility_2017.xls,COVERED BRIDGE HEALTH CAMPUS,Government - County,JACKSON COUNTY SCHNECK MEMORIAL HOSPITAL,78,61,N,3,3,4,3,4,2.22869,0.49098,0.88689,1.37787,3.60656,0.06557,,,,,,,,,,,,,,,,13.0,12.0,2.0,11.0,3.0,0,,,0,0
155727,STONEBRIDGE HEALTH CAMPUS,IN,American Healthcare REIT / Trilogy,2013,-2,STONEBRIDGE HEALTH CAMPUS,IN,68,,51.64,63.27,22.45,0.363,1.503,2.592,4.458,0.2094,0.2184,facility_2013.xls,STONEBRIDGE HEALTH CAMPUS,FOR PROFIT - CORPORATION,Legal Business Name Not Available,68,46,N,4,3,3,4,3,3.49,0.84,0.84,1.68,5.17,0.12,4.0,3.335,1.005,0.8674999999999999,1.8725,5.2075,0.11,2.51375,0.71575,1.2694999999999999,4.4975000000000005,3.2575,1.1625,0.51,4.665,5.0,5.0,0.0,5.0,2.0,,,,,
155727,STONEBRIDGE HEALTH CAMPUS,IN,American Healthcare REIT / Trilogy,2014,-1,STONEBRIDGE HEALTH CAMPUS,IN,68,,49.78,50.0,45.45,0.405,1.765,2.361,4.531,0.2332,0.2289,facility_2014.xls,STONEBRIDGE HEALTH CAMPUS,For profit - Corporation,TRILOGY HEALTH SERVICES LLC,68,44,N,3,3,3,2,3,0.95114,1.76477,0.85227,2.61705,3.56818,0.13295,4.0,1.909245,1.633915,0.900115,2.5340350000000003,4.443275,0.1078,2.462535,0.7310800000000001,1.2562775,4.44989,1.9197575,1.8560975,0.5393225,4.0513449999999995,14.0,14.0,0.0,14.0,2.0,,,,,
155727,STONEBRIDGE HEALTH CAMPUS,IN,American Healthcare REIT / Trilogy,2015,0,STONEBRIDGE HEALTH CAMPUS,IN,68,,54.15,58.82,25.49,0.35,1.354,2.388,4.092,0.2462,0.2562,facility_2015.xls,STONEBRIDGE HEALTH CAMPUS,Government - City/county,JACKSON COUNTY SCHNECK MEMORIAL HOSPITAL,68,51,Y,3,2,3,4,3,2.76863,1.35392,0.81961,2.17353,4.94216,0.10784,4.0,1.4055125,1.6620575,0.844105,2.50617,3.911675,0.12667250000000002,2.4248325,0.675575,1.1763775,4.276784999999999,1.425275,2.0497075,0.5394475000000001,3.6762550000000003,16.0,16.0,0.0,16.0,2.0,,,,,
155727,STONEBRIDGE HEALTH CAMPUS,IN,American Healthcare REIT / Trilogy,2016,1,STONEBRIDGE HEALTH CAMPUS,IN,68,,54.89,75.0,14.58,0.774,1.097,2.752,4.623,0.191,,facility_2016.xls,STONEBRIDGE HEALTH CAMPUS,Government - City/county,JACKSON COUNTY SCHNECK MEMORIAL HOSPITAL,68,51,N,3,2,3,4,3,2.76863,1.35392,0.81961,2.17353,4.94216,0.10784,4.0,2.8861075,1.28966,0.9076774999999999,2.197335,5.083445,0.1139525,2.4048925,0.675445,1.1907425,4.271085,2.94881,1.58174,0.5724275,4.8050825,6.0,6.0,0.0,6.0,1.0,,,,,
155727,STONEBRIDGE HEALTH CAMPUS,IN,American Healthcare REIT / Trilogy,2017,2,STONEBRIDGE HEALTH CAMPUS,IN,68,56,58.08,63.16,22.81,0.254,0.812,1.765,2.831,0.1784,0.189,facility_2017.xls,STONEBRIDGE HEALTH CAMPUS,For profit - Corporation,JACKSON COUNTY SCHNECK MEMORIAL HOSPITAL,68,57,N,4,4,3,2,2,2.10175,0.81228,0.52018,1.33246,3.43421,0.1,,,,,,,,,,,,,,,,22.0,20.0,0.0,22.0,3.0,1,,,0,0
155735,ASHFORD PLACE HEALTH CAMPUS,IN,American Healthcare REIT / Trilogy,2013,-2,ASHFORD PLACE HEALTH CAMPUS,IN,68,,51.55,40.91,18.18,0.273,1.473,2.323,4.068,0.213,0.2117,facility_2013.xls,ASHFORD PLACE HEALTH CAMPUS,FOR PROFIT - CORPORATION,Legal Business Name Not Available,68,54,N,4,3,3,4,4,3.11,1.84,0.98,2.82,5.94,0.11,4.0,2.775,1.655,0.845,2.505,5.28,0.055,2.593,0.692,1.15075,4.4375,2.6325000000000003,2.0175,0.5625,4.827500000000001,13.0,13.0,2.0,11.0,3.0,,,,,
155735,ASHFORD PLACE HEALTH CAMPUS,IN,American Healthcare REIT / Trilogy,2014,-1,ASHFORD PLACE HEALTH CAMPUS,IN,68,,52.35,40.74,27.78,0.427,1.033,1.563,3.023,0.12,0.1335,facility_2014.xls,ASHFORD PLACE HEALTH CAMPUS,For profit - Corporation,"TRILOGY HEALTHCARE OPERATIONS OF SHELBYVILLE, LLC",68,54,N,3,2,5,3,4,1.62778,1.03333,0.77037,1.8037,3.43148,0.19167,4.0,2.23507,1.36288,0.7278225,2.090695,4.3257725,0.0479175,2.5398750000000003,0.72184,1.2249975,4.486715,2.149475,1.5599275000000001,0.4459725,3.8730925,11.0,11.0,0.0,11.0,2.0,,,,,
155735,ASHFORD PLACE HEALTH CAMPUS,IN,American Healthcare REIT / Trilogy,2015,0,ASHFORD PLACE HEALTH CAMPUS,IN,68,,56.76,44.0,24.0,0.114,1.52,1.816,3.45,0.1892,0.1953,facility_2015.xls,ASHFORD PLACE HEALTH CAMPUS,For profit - Corporation,Legal Business Name Not Available,68,54,N,2,2,2,3,3,1.62778,1.03333,0.77037,1.8037,3.43148,0.19167,4.0,1.62778,1.03333,0.77037,1.8037,3.43148,0.19167,2.35757,0.65224,1.13757,4.14738,1.69415,1.31495,0.50601,3.3351,13.0,13.0,3.0,10.0,4.0,,,,,
155735,ASHFORD PLACE HEALTH CAMPUS,IN,American Healthcare REIT / Trilogy,2016,1,ASHFORD PLACE HEALTH CAMPUS,IN,68,,52.56,49.09,21.82,0.585,0.774,1.485,2.844,0.1667,,facility_2016.xls,ASHFORD PLACE HEALTH CAMPUS,Government - County,HANCOCK REGIONAL HOSPITAL,68,50,N,2,2,3,3,3,2.015,1.52,0.678,2.198,4.213,0.164,4.0,2.015,1.52,0.678,2.198,4.213,0.164,2.48143,0.63967,1.1475625,4.268655,1.99336,1.9723225,0.44152,3.979365,8.0,8.0,0.0,8.0,1.0,,,,,
155735,ASHFORD PLACE HEALTH CAMPUS,IN,American Healthcare REIT / Trilogy,2017,2,ASHFORD PLACE HEALTH CAMPUS,IN,68,53,53.26,58.82,19.61,0.487,0.978,1.629,3.095,0.1809,,facility_2017.xls,ASHFORD PLACE HEALTH CAMPUS,Government - County,HANCOCK REGIONAL HOSPITAL,68,55,N,3,2,5,2,4,1.77909,0.77364,1.05909,1.83273,3.61182,0.10545,,,,,,,,,,,,,,,,26.0,16.0,3.0,23.0,5.0,8,,,0,0
155736,MILL POND HEALTH CAMPUS,IN,American Healthcare REIT / Trilogy,2013,-2,MILL POND HEALTH CAMPUS,IN,68,,51.66,35.85,37.74,0.292,1.637,1.733,3.661,0.148,0.1589,facility_2013.xls,MILL POND HEALTH CAMPUS,FOR PROFIT - CORPORATION,Legal Business Name Not Available,68,56,N,4,4,2,4,3,2.5,1.9,0.77,2.67,5.17,0.13,4.0,2.5,1.9,0.77,2.67,5.17,0.165,2.345,0.659,1.215,4.22,2.62,2.39,0.47,4.93,1.0,1.0,0.0,1.0,1.0,,,,,
155736,MILL POND HEALTH CAMPUS,IN,American Healthcare REIT / Trilogy,2014,-1,MILL POND HEALTH CAMPUS,IN,68,,51.0,35.85,37.74,0.292,1.637,1.733,3.661,0.1333,0.1459,facility_2014.xls,MILL POND HEALTH CAMPUS,For profit - Corporation,"TRILOGY HEALTHCARE OPERATIONS OF GREENCASTLE, LLC",68,53,N,5,5,4,4,3,2.23019,1.63679,0.76604,2.40283,4.63302,0.13491,4.0,2.2976425,1.7025925,0.765825,2.4684174999999997,4.76606,0.15207500000000002,2.3972350000000002,0.642385,1.1459175,4.1855325,2.3541425,2.1986075,0.4999675,4.5893175,8.0,8.0,2.0,6.0,2.0,,,,,
155736,MILL POND HEALTH CAMPUS,IN,American Healthcare REIT / Trilogy,2015,0,MILL POND HEALTH CAMPUS,IN,68,,57.63,30.36,37.5,0.446,1.158,1.312,2.915,0.2162,0.2144,facility_2015.xls,MILL POND HEALTH CAMPUS,For profit - Corporation,PUTNAM COUNTY HOSPITAL,68,56,Y,4,4,2,3,4,1.58304,1.15804,0.85357,2.01161,3.59465,0.15268,4.0,1.7448275,1.2777275,0.8316875,2.1094150000000003,3.8542425000000002,0.14823750000000002,2.334385,0.6481775,1.16508,4.147635,1.830685,1.6371475000000002,0.5331025,3.7457925,7.0,7.0,1.0,7.0,2.0,,,,,
155736,MILL POND HEALTH CAMPUS,IN,American Healthcare REIT / Trilogy,2016,1,MILL POND HEALTH CAMPUS,IN,68,,53.58,63.64,18.18,0.599,0.925,1.326,2.85,0.1934,,facility_2016.xls,MILL POND HEALTH CAMPUS,For profit - Corporation,PUTNAM COUNTY HOSPITAL,68,56,Y,4,4,2,3,4,1.58304,1.15804,0.85357,2.01161,3.59465,0.15268,4.0,1.4997,1.0412949999999999,0.9858750000000001,2.02717,3.52687,0.12134,2.37043,0.6505799999999999,1.1219549999999998,4.14296,1.5545499999999999,1.32901,0.6631400000000001,3.4313000000000002,4.0,4.0,0.0,4.0,1.0,,,,,
155736,MILL POND HEALTH CAMPUS,IN,American Healthcare REIT / Trilogy,2017,2,MILL POND HEALTH CAMPUS,IN,68,47,59.31,50.91,21.82,0.242,1.122,1.545,2.908,0.2488,,facility_2017.xls,MILL POND HEALTH CAMPUS,For profit - Corporation,PUTNAM COUNTY HOSPITAL,68,55,N,3,4,1,3,3,1.90182,1.12182,0.65727,1.77909,3.68091,0.10364,,,,,,,,,,,,,,,,15.0,14.0,1.0,15.0,3.0,6,,,0,0
155762,FOREST PARK HEALTH CAMPUS,IN,American Healthcare REIT / Trilogy,2013,-2,FOREST PARK HEALTH CAMPUS,IN,70,,59.36,41.38,41.38,0.431,1.681,1.59,3.702,0.1779,0.1734,facility_2013.xls,FOREST PARK HEALTH CAMPUS,FOR PROFIT - CORPORATION,Legal Business Name Not Available,70,60,N,5,5,3,4,4,1.91,1.38,0.94,2.32,4.23,0.1,4.0,1.91,1.38,0.94,2.32,4.23,0.14500000000000002,2.4135,0.6875,1.276,4.38,1.9425,1.6624999999999999,0.55,3.9,3.0,3.0,0.0,3.0,1.0,,,,,
155762,FOREST PARK HEALTH CAMPUS,IN,American Healthcare REIT / Trilogy,2014,-1,FOREST PARK HEALTH CAMPUS,IN,70,,59.78,41.38,41.38,0.431,1.681,1.59,3.702,0.1742,0.1626,facility_2014.xls,FOREST PARK HEALTH CAMPUS,For profit - Corporation,TRILOGY HEALTHCARE OPERATIONS OF RICHMOND LLC,70,58,N,5,5,4,4,4,1.78707,1.68103,0.99138,2.67241,4.45948,0.21897,4.0,1.78707,1.68103,0.99138,2.67241,4.45948,0.21897,2.3039625,0.651695,1.1832775,4.13893,1.903275,2.1412725,0.62635,4.3433675,7.0,7.0,6.0,1.0,2.0,,,,,
155762,FOREST PARK HEALTH CAMPUS,IN,American Healthcare REIT / Trilogy,2015,0,FOREST PARK HEALTH CAMPUS,IN,70,,60.57,34.38,51.56,0.375,1.0,2.0,3.375,0.2145,0.2016,facility_2015.xls,FOREST PARK HEALTH CAMPUS,For profit - Corporation,HENRY COUNTY MEMORIAL HOSPITAL,70,64,Y,3,3,3,3,3,2.0,1.0,0.79922,1.79922,3.79922,0.08906,4.0,1.9467675,1.1702575,0.84726,2.0175175000000003,3.9642850000000003,0.12153749999999999,2.2971075,0.69036,1.2831825000000001,4.270645,2.0794575,1.4195425000000002,0.49748000000000003,3.7492900000000002,9.0,9.0,4.0,5.0,2.0,,,,,
155762,FOREST PARK HEALTH CAMPUS,IN,American Healthcare REIT / Trilogy,2016,1,FOREST PARK HEALTH CAMPUS,IN,70,,59.63,40.3,40.3,0.419,1.261,2.067,3.747,0.1939,,facility_2016.xls,FOREST PARK HEALTH CAMPUS,For profit - Corporation,HENRY COUNTY MEMORIAL HOSPITAL,70,64,Y,3,3,4,3,3,2.0,1.0,0.79922,1.79922,3.79922,0.08906,4.0,2.0335799999999997,1.130595,0.80446,1.93506,3.968635,0.09789,2.347485,0.711885,1.3314050000000002,4.390775,2.1261200000000002,1.316735,0.45147000000000004,3.6418049999999997,8.0,7.0,4.0,4.0,3.0,,,,,
155762,FOREST PARK HEALTH CAMPUS,IN,American Healthcare REIT / Trilogy,2017,2,FOREST PARK HEALTH CAMPUS,IN,70,46,54.66,66.07,25.0,0.509,0.851,2.004,3.363,0.1556,,facility_2017.xls,FOREST PARK HEALTH CAMPUS,Government - County,HENRY COUNTY MEMORIAL HOSPITAL,70,56,N,3,3,3,3,4,2.12232,0.85089,0.92054,1.77143,3.89375,0.10982,,,,,,,,,,,,,,,,21.0,16.0,8.0,13.0,6.0,4,,,0,0
155772,COBBLESTONE CROSSINGS HEALTH CAMPUS,IN,American Healthcare REIT / Trilogy,2013,-2,COBBLESTONE CROSSINGS HEALTH CAMPUS,IN,60,,51.12,8.47,67.8,0.572,1.092,2.156,3.82,0.1743,0.1902,facility_2013.xls,COBBLESTONE CROSSINGS HEALTH CAMPUS,FOR PROFIT - CORPORATION,Legal Business Name Not Available,60,46,N,3,2,4,5,5,2.74,1.87,1.23,3.1,5.84,0.25,4.0,2.305,1.2850000000000001,1.11,2.395,4.6925,0.2225,2.4347499999999997,0.6655,1.3467500000000001,4.445,2.3225,1.6025,0.615,4.2675,5.0,5.0,1.0,4.0,3.0,,,,,
155772,COBBLESTONE CROSSINGS HEALTH CAMPUS,IN,American Healthcare REIT / Trilogy,2014,-1,COBBLESTONE CROSSINGS HEALTH CAMPUS,IN,60,,51.87,16.67,55.56,0.544,1.157,2.345,4.046,0.1581,0.1639,facility_2014.xls,COBBLESTONE CROSSINGS HEALTH CAMPUS,For profit - Corporation,TRILOGY HEALTHCARE OF VIGO LLC,60,54,N,3,2,3,4,4,2.34537,1.15741,0.83704,1.99444,4.33982,0.21204,4.0,2.2506500000000003,1.1248900000000002,0.95157,2.076455,4.327109999999999,0.21492,2.4971475,0.6746975,1.31219,4.4840349999999995,2.2126375,1.3855300000000002,0.5405325000000001,3.8932575,9.0,9.0,1.0,8.0,2.0,,,,,
155772,COBBLESTONE CROSSINGS HEALTH CAMPUS,IN,American Healthcare REIT / Trilogy,2015,0,COBBLESTONE CROSSINGS HEALTH CAMPUS,IN,60,,53.14,18.18,61.82,0.625,1.616,2.137,4.378,0.1905,0.2033,facility_2015.xls,COBBLESTONE CROSSINGS HEALTH CAMPUS,For profit - Corporation,PUTNAM COUNTY HOSPITAL,60,55,Y,4,3,4,5,5,2.13727,1.61636,1.27636,2.89273,5.02999,0.19909,4.0,2.24132,1.386885,1.0567,2.4435849999999997,4.684905,0.205565,2.3679875,0.6553525,1.2656475,4.288987499999999,2.3212075,1.7513675,0.6187549999999999,4.4012775,9.0,9.0,2.0,7.0,3.0,,,,,
155772,COBBLESTONE CROSSINGS HEALTH CAMPUS,IN,American Healthcare REIT / Trilogy,2016,1,COBBLESTONE CROSSINGS HEALTH CAMPUS,IN,60,,51.69,19.3,61.4,0.358,1.496,2.211,4.065,0.2109,,facility_2016.xls,COBBLESTONE CROSSINGS HEALTH CAMPUS,For profit - Corporation,PUTNAM COUNTY HOSPITAL,60,55,N,4,3,3,5,5,2.13727,1.61636,1.27636,2.89273,5.02999,0.19909,4.0,2.155585,1.5863925,1.118455,2.704855,4.8604325,0.199755,2.3424175,0.6594249999999999,1.3154325,4.317275,2.2581275,1.9969649999999999,0.634335,4.5405825,5.0,5.0,0.0,5.0,1.0,,,,,
155772,COBBLESTONE CROSSINGS HEALTH CAMPUS,IN,American Healthcare REIT / Trilogy,2017,2,COBBLESTONE CROSSINGS HEALTH CAMPUS,IN,60,40,49.45,46.51,48.84,0.445,1.395,2.306,4.147,0.2117,0.2014,facility_2017.xls,COBBLESTONE CROSSINGS HEALTH CAMPUS,Government - County,PUTNAM COUNTY HOSPITAL,60,43,N,5,3,5,4,4,2.37093,1.39535,0.97907,2.37442,4.74535,0.24884,,,,,,,,,,,,,,,,20.0,13.0,2.0,18.0,4.0,9,,,0,0
155775,CUMBERLAND POINTE HEALTH CAMPUS,IN,American Healthcare REIT / Trilogy,2013,-2,CUMBERLAND POINTE HEALTH CAMPUS,IN,71,,56.58,29.85,22.39,0.404,0.866,1.823,3.093,0.15,0.1599,facility_2013.xls,CUMBERLAND POINTE HEALTH CAMPUS,FOR PROFIT - CORPORATION,"TRILOGY HEALTHCARE OF TIPPECANOE, LLC",71,71,N,5,3,5,4,5,1.89,0.62,0.89,1.51,3.4,0.16,4.0,1.91,0.6825,0.845,1.5275,3.435,0.15,2.6260000000000003,0.61775,0.94875,4.195,1.78,0.9175,0.6699999999999999,3.3,6.0,6.0,3.0,4.0,3.0,,,,,
155775,CUMBERLAND POINTE HEALTH CAMPUS,IN,American Healthcare REIT / Trilogy,2014,-1,CUMBERLAND POINTE HEALTH CAMPUS,IN,71,,58.74,34.43,19.67,0.722,0.791,1.83,3.343,0.1837,0.1887,facility_2014.xls,CUMBERLAND POINTE HEALTH CAMPUS,For profit - Corporation,"TRILOGY HEALTHCARE OF TIPPECANOE, LLC",71,61,N,5,4,5,4,5,1.98115,0.79098,1.12541,1.91639,3.89754,0.09344,4.0,1.9706575,0.8469975000000001,0.8136275,1.660625,3.6312825,0.1067525,2.6143225,0.6503225,1.04299,4.307634999999999,1.8496225,1.08144,0.5801725,3.39683,5.0,5.0,0.0,5.0,2.0,,,,,
155775,CUMBERLAND POINTE HEALTH CAMPUS,IN,American Healthcare REIT / Trilogy,2015,0,CUMBERLAND POINTE HEALTH CAMPUS,IN,71,,64.58,30.0,16.67,0.865,0.825,1.479,3.169,0.178,0.1843,facility_2015.xls,CUMBERLAND POINTE HEALTH CAMPUS,For profit - Corporation,Legal Business Name Not Available,71,61,N,5,4,5,3,5,1.98115,0.79098,1.12541,1.91639,3.89754,0.09344,4.0,1.98115,0.79098,1.12541,1.91639,3.89754,0.09344,2.62785,0.66147,1.03952,4.32883,1.84986,0.99251,0.80894,3.62929,8.0,8.0,0.0,8.0,2.0,,,,,
155775,CUMBERLAND POINTE HEALTH CAMPUS,IN,American Healthcare REIT / Trilogy,2016,1,CUMBERLAND POINTE HEALTH CAMPUS,IN,71,,59.46,33.33,14.29,0.733,0.558,1.799,3.09,0.1154,,facility_2016.xls,CUMBERLAND POINTE HEALTH CAMPUS,Government - County,WITHAM MEMORIAL HOSPITAL,71,60,Y,5,4,5,4,5,1.95917,0.825,1.23167,2.05667,4.01584,0.1275,4.0,1.95917,0.825,1.23167,2.05667,4.01584,0.1275,2.6011575,0.660185,1.0634074999999998,4.3247575,1.8481049999999999,1.0375575,0.8657025,3.7432075,10.0,9.0,1.0,9.0,2.0,,,,,
155775,CUMBERLAND POINTE HEALTH CAMPUS,IN,American Healthcare REIT / Trilogy,2017,2,CUMBERLAND POINTE HEALTH CAMPUS,IN,71,54,61.42,39.68,17.46,0.855,0.538,0.876,2.269,0.1727,0.1733,facility_2017.xls,CUMBERLAND POINTE HEALTH CAMPUS,Government - County,WITHAM MEMORIAL HOSPITAL,71,63,N,3,2,5,3,5,2.04524,0.55794,1.14921,1.70714,3.75239,0.09444,,,,,,,,,,,,,,,,18.0,13.0,1.0,17.0,4.0,9,,,0,0
155777,CREASY SPRINGS HEALTH CAMPUS,IN,American Healthcare REIT / Trilogy,2013,-2,CREASY SPRINGS HEALTH CAMPUS,IN,71,,65.08,14.29,39.68,0.677,1.742,2.841,5.26,0.1975,0.1724,facility_2013.xls,CREASY SPRINGS HEALTH CAMPUS,FOR PROFIT - CORPORATION,Legal Business Name Not Available,71,61,N,3,2,3,4,4,2.73,1.49,1.16,2.65,5.38,0.37,4.0,2.8275,1.5525,1.1624999999999999,2.715,5.5425,0.335,2.5715,0.6707500000000001,1.2215,4.465,2.6950000000000003,1.925,0.71,5.0075,8.0,7.0,6.0,2.0,3.0,,,,,
155777,CREASY SPRINGS HEALTH CAMPUS,IN,American Healthcare REIT / Trilogy,2014,-1,CREASY SPRINGS HEALTH CAMPUS,IN,71,,66.77,11.48,27.87,1.399,1.178,2.575,5.152,0.1628,0.1472,facility_2014.xls,CREASY SPRINGS HEALTH CAMPUS,For profit - Corporation,TRILOGY HEALTHCARE OF LAFAYETTE LLC,71,61,N,4,3,4,5,5,2.80902,1.17787,1.98525,3.16311,5.97214,0.15,4.0,3.04392,1.6010125,1.3701225,2.9711325,6.015054999999999,0.20654999999999998,2.5386525,0.64354,1.1406375,4.3228275,2.9409275,2.0547250000000004,0.9078875,5.6113225,4.0,4.0,0.0,4.0,1.0,,,,,
155777,CREASY SPRINGS HEALTH CAMPUS,IN,American Healthcare REIT / Trilogy,2015,0,CREASY SPRINGS HEALTH CAMPUS,IN,71,,64.39,29.31,29.31,1.397,1.289,2.646,5.331,0.1992,0.1777,facility_2015.xls,CREASY SPRINGS HEALTH CAMPUS,For profit - Corporation,HANCOCK REGIONAL HOSPITAL,71,61,Y,5,4,2,5,5,2.80902,1.17787,1.98525,3.16311,5.97214,0.15,4.0,2.80902,1.17787,1.98525,3.16311,5.97214,0.15,2.5349,0.61613,1.05647,4.20751,2.71904,1.58672,1.40408,5.72146,5.0,5.0,0.0,5.0,1.0,,,,,
155777,CREASY SPRINGS HEALTH CAMPUS,IN,American Healthcare REIT / Trilogy,2016,1,CREASY SPRINGS HEALTH CAMPUS,IN,71,,58.24,39.22,15.69,1.336,1.514,2.756,5.606,0.1508,,facility_2016.xls,CREASY SPRINGS HEALTH CAMPUS,Government - County,HANCOCK REGIONAL HOSPITAL,71,58,N,5,4,2,5,5,3.05862,1.28879,2.05259,3.34138,6.4,0.08276,4.0,3.05862,1.28879,2.05259,3.34138,6.4,0.08276,2.46974,0.63499,1.06806,4.17279,3.03876,1.68458,1.43597,6.18238,3.0,3.0,1.0,2.0,2.0,,,,,
155777,CREASY SPRINGS HEALTH CAMPUS,IN,American Healthcare REIT / Trilogy,2017,2,CREASY SPRINGS HEALTH CAMPUS,IN,71,62,65.12,37.29,27.12,0.753,0.827,1.397,2.977,0.1533,,facility_2017.xls,CREASY SPRINGS HEALTH CAMPUS,Government - County,HANCOCK REGIONAL HOSPITAL,71,51,N,4,4,1,5,5,3.13235,1.51373,1.95882,3.47255,6.6049,0.08137,,,,,,,,,,,,,,,,12.0,9.0,1.0,11.0,4.0,2,,,0,0
155779,PRAIRIE LAKES HEALTH CAMPUS,IN,American Healthcare REIT / Trilogy,2013,-2,PRAIRIE LAKES HEALTH CAMPUS,IN,71,,61.63,13.79,32.76,0.654,1.942,3.162,5.759,0.1556,0.1812,facility_2013.xls,PRAIRIE LAKES HEALTH CAMPUS,FOR PROFIT - CORPORATION,Legal Business Name Not Available,71,66,N,4,3,4,4,4,2.09,2.19,0.89,3.08,5.17,0.22,4.0,2.09,2.19,0.89,3.08,5.17,0.22,2.464,0.639,1.137,4.24,2.08,2.85,0.58,4.92,16.0,15.0,7.0,10.0,3.0,,,,,
155779,PRAIRIE LAKES HEALTH CAMPUS,IN,American Healthcare REIT / Trilogy,2014,-1,PRAIRIE LAKES HEALTH CAMPUS,IN,61,,51.79,17.31,25.0,0.593,1.644,2.147,4.385,0.2381,0.2327,facility_2014.xls,PRAIRIE LAKES HEALTH CAMPUS,For profit - Corporation,TRILOGY HEALTHCARE OF HAMILTON II LLC,61,58,N,2,2,3,,,,,,,,,4.0,3.25603,1.94224,1.04828,2.99052,6.24655,0.19741,2.5030675000000002,0.6199699999999999,1.1308175,4.2538525,3.176565,2.57289,0.682065,5.86866,12.0,12.0,0.0,12.0,2.0,,,,,
155779,PRAIRIE LAKES HEALTH CAMPUS,IN,American Healthcare REIT / Trilogy,2015,0,PRAIRIE LAKES HEALTH CAMPUS,IN,61,,54.86,36.36,21.82,0.726,1.957,2.674,5.357,0.1724,0.1827,facility_2015.xls,PRAIRIE LAKES HEALTH CAMPUS,For profit - Corporation,HANCOCK REGIONAL HOSPITAL,61,52,Y,3,2,2,5,5,2.25673,1.64423,1.3625,3.00673,5.26346,0.22019,4.0,2.25673,1.64423,1.3625,3.00673,5.26346,0.22019,2.5682875000000003,0.6445025,1.112805,4.325595,2.1563725,2.117455,0.91505,4.90494,5.0,4.0,5.0,0.0,3.0,,,,,
155779,PRAIRIE LAKES HEALTH CAMPUS,IN,American Healthcare REIT / Trilogy,2016,1,PRAIRIE LAKES HEALTH CAMPUS,IN,61,,49.07,38.0,22.0,0.652,1.483,2.2,4.335,0.1382,,facility_2016.xls,PRAIRIE LAKES HEALTH CAMPUS,For profit - Corporation,HANCOCK REGIONAL HOSPITAL,61,52,N,3,2,2,5,5,2.25673,1.64423,1.3625,3.00673,5.26346,0.22019,4.0,2.6519125,1.87901,1.2058550000000001,3.084865,5.7367775,0.209135,2.5759749999999997,0.6306775,1.1028099999999998,4.3094625,2.525,2.475535,0.8167275,5.3661975,9.0,8.0,2.0,7.0,2.0,,,,,
155779,PRAIRIE LAKES HEALTH CAMPUS,IN,American Healthcare REIT / Trilogy,2017,2,PRAIRIE LAKES HEALTH CAMPUS,IN,61,44,47.43,50.98,7.84,0.479,0.972,1.716,3.167,0.1489,,facility_2017.xls,PRAIRIE LAKES HEALTH CAMPUS,Government - County,HANCOCK REGIONAL HOSPITAL,61,50,N,3,2,4,4,4,2.2,1.483,1.023,2.506,4.706,0.22,,,,,,,,,,,,,,,,33.0,18.0,17.0,19.0,9.0,3,,,0,0
155791,BLAIR RIDGE HEALTH CAMPUS,IN,American Healthcare REIT / Trilogy,2013,-2,BLAIR RIDGE HEALTH CAMPUS,IN,55,,51.26,28.85,32.69,0.401,0.884,1.874,3.159,0.1176,0.1185,facility_2013.xls,BLAIR RIDGE HEALTH CAMPUS,FOR PROFIT - CORPORATION,"TRILOGY HEALTHCARE OF MIAMI, LLC",55,28,N,4,3,2,5,5,2.77,0.89,1.28,2.17,4.94,0.16,4.0,2.5975,0.8875,1.1675,2.0549999999999997,4.6525,0.14250000000000002,2.5252499999999998,0.65325,1.1125,4.2875,2.5175,1.1300000000000001,0.79,4.365,13.0,11.0,3.0,10.0,2.0,,,,,
155791,BLAIR RIDGE HEALTH CAMPUS,IN,American Healthcare REIT / Trilogy,2014,-1,BLAIR RIDGE HEALTH CAMPUS,IN,55,,51.17,25.49,41.18,0.502,0.785,2.223,3.51,0.0779,0.085,facility_2014.xls,BLAIR RIDGE HEALTH CAMPUS,For profit - Corporation,"TRILOGY HEALTHCARE OF MIAMI, LLC",55,52,N,3,2,3,4,4,2.075,0.88365,0.82692,1.71058,3.78557,0.08654,4.0,2.075,0.88365,0.82692,1.71058,3.78557,0.08654,2.50491,0.6084,0.99799,4.1113,2.03258,1.20551,0.61912,3.71154,13.0,13.0,0.0,13.0,2.0,,,,,
155791,BLAIR RIDGE HEALTH CAMPUS,IN,American Healthcare REIT / Trilogy,2015,0,BLAIR RIDGE HEALTH CAMPUS,IN,55,,51.73,25.93,38.89,0.694,0.758,1.977,3.43,0.1377,0.1409,facility_2015.xls,BLAIR RIDGE HEALTH CAMPUS,For profit - Corporation,WITHAM MEMORIAL HOSPITAL,55,51,Y,3,2,3,4,4,2.3402,0.78529,0.82255,1.60784,3.94804,0.14412,4.0,2.3402,0.78529,0.82255,1.60784,3.94804,0.14412,2.4668,0.6262425,1.1001975000000002,4.19324,2.32835,1.0411925,0.5587774999999999,3.7962124999999998,17.0,17.0,0.0,17.0,2.0,,,,,
155791,BLAIR RIDGE HEALTH CAMPUS,IN,American Healthcare REIT / Trilogy,2016,1,BLAIR RIDGE HEALTH CAMPUS,IN,55,,49.48,27.45,31.37,0.625,0.658,2.033,3.316,0.1942,,facility_2016.xls,BLAIR RIDGE HEALTH CAMPUS,Government - County,WITHAM MEMORIAL HOSPITAL,55,54,Y,2,1,5,4,5,2.05463,0.75833,1.18056,1.93889,3.99352,0.15648,4.0,2.05463,0.75833,1.18056,1.93889,3.99352,0.15648,2.22196,0.61551,1.02991,3.86738,2.26892,1.02259,0.85649,4.16237,8.0,8.0,0.0,8.0,1.0,,,,,
155791,BLAIR RIDGE HEALTH CAMPUS,IN,American Healthcare REIT / Trilogy,2017,2,BLAIR RIDGE HEALTH CAMPUS,IN,55,45,50.64,35.19,33.33,0.457,0.519,1.287,2.264,0.1895,,facility_2017.xls,BLAIR RIDGE HEALTH CAMPUS,Government - County,WITHAM MEMORIAL HOSPITAL,55,51,N,4,2,5,4,5,2.15098,0.65784,1.00588,1.66373,3.8147,0.11078,,,,,,,,,,,,,,,,28.0,19.0,0.0,28.0,3.0,8,,,0,0
155795,AVALON SPRINGS HEALTH CAMPUS,IN,American Healthcare REIT / Trilogy,2013,-2,AVALON SPRINGS HEALTH CAMPUS,IN,61,,56.05,17.54,57.89,0.289,1.719,2.021,4.029,,,facility_2013.xls,AVALON SPRINGS HEALTH CAMPUS,FOR PROFIT - CORPORATION,"TRILOGY HEALTHCARE OF PORTER, LLC",61,2,N,,,,,,,,,,,1000.0,4.0,2.1,1.72,0.66,2.38,4.48,750.04,2.294,0.66625,1.32075,4.28,2.18,2.14,0.37,4.13,41.0,25.0,32.0,19.0,6.0,,,,,
155795,AVALON SPRINGS HEALTH CAMPUS,IN,American Healthcare REIT / Trilogy,2014,-1,AVALON SPRINGS HEALTH CAMPUS,IN,61,,58.35,27.59,48.28,0.616,1.339,2.105,4.059,0.1396,0.1426,facility_2014.xls,AVALON SPRINGS HEALTH CAMPUS,For profit - Corporation,"TRILOGY HEALTHCARE OF PORTER, LLC",61,58,N,2,1,5,4,5,2.18793,1.33879,1.20172,2.54052,4.72844,0.14655,4.0,2.1193500000000003,1.6241725,0.7951674999999999,2.4193425,4.53869,0.1590075,2.4325725,0.6596500000000001,1.2156375,4.307852499999999,2.137575,2.0499025,0.4902875,4.24642,15.0,13.0,3.0,12.0,3.0,,,,,
155795,AVALON SPRINGS HEALTH CAMPUS,IN,American Healthcare REIT / Trilogy,2015,0,AVALON SPRINGS HEALTH CAMPUS,IN,61,,58.28,22.03,54.24,0.56,0.931,1.525,3.016,0.2034,0.2186,facility_2015.xls,AVALON SPRINGS HEALTH CAMPUS,Government - County,HANCOCK REGIONAL HOSPITAL,61,59,Y,2,1,5,,,,,,,,,4.0,2.18793,1.3387900000000001,1.20172,2.54052,4.72844,0.14655,2.4676,0.6893400000000001,1.2407225,4.3976625,2.16317,1.60747,0.72015,4.31228,21.0,21.0,8.0,13.0,4.0,,,,,
155795,AVALON SPRINGS HEALTH CAMPUS,IN,American Healthcare REIT / Trilogy,2016,1,AVALON SPRINGS HEALTH CAMPUS,IN,61,,55.33,21.43,55.36,0.227,1.325,1.808,3.36,0.161,,facility_2016.xls,AVALON SPRINGS HEALTH CAMPUS,Government - County,HANCOCK REGIONAL HOSPITAL,61,59,N,2,1,5,,,,,,,,,4.0,1.7547300000000001,1.1935033333333334,0.7908200000000001,1.9843233333333334,3.739053333333333,0.10958333333333332,2.3586050000000003,0.6554475,1.1960625,4.2101125,1.8484566666666666,1.5453700000000001,0.49660333333333334,3.6228033333333336,8.0,8.0,1.0,7.0,2.0,,,,,
155795,AVALON SPRINGS HEALTH CAMPUS,IN,American Healthcare REIT / Trilogy,2017,2,AVALON SPRINGS HEALTH CAMPUS,IN,61,48,56.95,22.64,39.62,0.543,0.976,2.088,3.608,0.1828,0.2056,facility_2017.xls,AVALON SPRINGS HEALTH CAMPUS,Government - County,HANCOCK REGIONAL HOSPITAL,61,53,N,5,3,5,4,4,2.28491,0.97642,0.80283,1.77925,4.06416,0.16604,,,,,,,,,,,,,,,,26.0,20.0,10.0,16.0,7.0,4,,,0,0
155797,ASPEN PLACE HEALTH CAMPUS,IN,American Healthcare REIT / Trilogy,2013,-2,ASPEN PLACE HEALTH CAMPUS,IN,64,,33.45,45.45,33.33,0.632,2.129,2.797,5.558,,,facility_2013.xls,ASPEN PLACE HEALTH CAMPUS,FOR PROFIT - CORPORATION,"TRILOGY HEALTHCARE OF GREENSBURG, LLC",64,2,N,,,,,,,,,,,1000.0,4.0,3.06,2.13,1.15,3.28,6.34,750.0375,2.4995000000000003,0.7,1.234,4.4350000000000005,2.95,2.63,0.69,5.74,12.0,10.0,5.0,7.0,2.0,,,,,
155797,ASPEN PLACE HEALTH CAMPUS,IN,American Healthcare REIT / Trilogy,2014,-1,ASPEN PLACE HEALTH CAMPUS,IN,64,,50.71,48.15,16.67,1.124,1.406,2.137,4.668,0.1261,0.1223,facility_2014.xls,ASPEN PLACE HEALTH CAMPUS,For profit - Corporation,"TRILOGY HEALTHCARE OF GREENSBURG, LLC",64,33,N,5,4,4,5,5,3.06364,2.12879,1.15152,3.2803,6.34395,0.14697,4.0,3.06364,2.12879,1.15152,3.2803,6.34395,0.14697,2.43653,0.65942,1.14825,4.2442,3.08522,2.67948,0.74933,6.02513,13.0,13.0,0.0,13.0,1.0,,,,,
155797,ASPEN PLACE HEALTH CAMPUS,IN,American Healthcare REIT / Trilogy,2015,0,ASPEN PLACE HEALTH CAMPUS,IN,64,,59.78,50.0,13.79,1.11,1.251,1.666,4.027,0.2057,0.2201,facility_2015.xls,ASPEN PLACE HEALTH CAMPUS,For profit - Corporation,HENRY COUNTY MEMORIAL HOSPITAL,64,54,Y,3,2,2,5,5,2.43704,1.40648,1.55926,2.96574,5.40278,0.10741,4.0,2.43704,1.40648,1.55926,2.96574,5.40278,0.10741,2.317145,0.68964,1.182945,4.1897375,2.5807275,1.6927675,0.985095,5.197975,7.0,7.0,0.0,7.0,2.0,,,,,
155797,ASPEN PLACE HEALTH CAMPUS,IN,American Healthcare REIT / Trilogy,2016,1,ASPEN PLACE HEALTH CAMPUS,IN,64,,53.6,42.37,22.03,0.472,0.998,1.193,2.664,0.1366,,facility_2016.xls,ASPEN PLACE HEALTH CAMPUS,Government - County,HENRY COUNTY MEMORIAL HOSPITAL,64,58,N,3,2,2,5,5,2.05,1.25086,1.40603,2.6569,4.70689,0.07155,4.0,2.05,1.25086,1.40603,2.6569,4.70689,0.07155,2.36543,0.6752549999999999,1.2014900000000002,4.242175,2.126665,1.53752,0.8780875,4.47317,13.0,11.0,12.0,3.0,2.0,,,,,
155797,ASPEN PLACE HEALTH CAMPUS,IN,American Healthcare REIT / Trilogy,2017,2,ASPEN PLACE HEALTH CAMPUS,IN,64,58,60.44,33.33,19.05,0.357,0.998,1.533,2.888,0.2117,,facility_2017.xls,ASPEN PLACE HEALTH CAMPUS,Non profit - Corporation,HENRY COUNTY MEMORIAL HOSPITAL,64,59,N,1,1,3,2,4,1.49831,0.99831,0.94746,1.94576,3.44408,0.06017,,,,,,,,,,,,,,,,31.0,23.0,13.0,20.0,5.0,3,,,0,0
155806,WELLBROOKE OF WABASH,IN,American Healthcare REIT / Trilogy,2013,-2,,,,,,,,,,,,,,,WELLBROOKE OF WABASH,FOR PROFIT - PARTNERSHIP,LCS WABASH LLC,70,5,N,,,,,,,,,,,1000.0,2.0,,,,,,1000.0,2.548,0.692,1.29,4.53,,,,,3.0,3.0,0.0,3.0,1.0,,,,,
155806,WELLBROOKE OF WABASH,IN,American Healthcare REIT / Trilogy,2014,-1,,,,,,,,,,,,,,,WELLBROOKE OF WABASH,For profit - Individual,LCS WABASH LLC,70,21,N,4,3,4,5,5,4.55476,1.1881,1.23333,2.42143,6.97619,0.09524,4.0,4.55476,1.1881,1.23333,2.42143,6.97619,0.09524,2.401535,0.6638075,1.261355,4.3267,4.7546333333333335,1.5156933333333333,0.74554,6.626923333333333,9.0,9.0,0.0,9.0,2.0,,,,,
155806,WELLBROOKE OF WABASH,IN,American Healthcare REIT / Trilogy,2015,0,,,,,,,,,,,,,,,WELLBROOKE OF WABASH,For profit - Corporation,LCS WABASH LLC,70,32,N,4,3,4,4,3,3.34063,0.625,0.73594,1.36094,4.70157,0.15,4.0,3.6441625,0.765775,0.8602875000000001,1.6260625,5.270225,0.13631,2.2909725,0.660545,1.24875,4.200265,3.8946925,0.974665,0.5158025,5.0553475,11.0,11.0,0.0,11.0,2.0,,,,,
155806,WELLBROOKE OF WABASH,IN,American Healthcare REIT / Trilogy,2016,1,,,,,,,,,,,,,,,WELLBROOKE OF WABASH,For profit - Corporation,WITHAM MEMORIAL HOSPITAL,70,32,Y,4,3,4,4,3,3.34063,0.625,0.73594,1.36094,4.70157,0.15,4.0,3.0555399999999997,0.8085249999999999,0.900355,1.7088800000000002,4.76442,0.142615,2.3616349999999997,0.6838,1.2364600000000001,4.2818950000000005,3.19293,0.9868349999999999,0.5502750000000001,4.4849499999999995,7.0,7.0,0.0,7.0,1.0,,,,,
155806,WELLBROOKE OF WABASH,IN,American Healthcare REIT / Trilogy,2017,2,,,,,,,,,,,,,,,WELLBROOKE OF WABASH,Government - County,WITHAM MEMORIAL HOSPITAL,70,48,N,5,4,5,3,3,2.13438,1.02813,0.675,1.70313,3.83751,0.14167,,,,,,,,,,,,,,,,18.0,14.0,0.0,18.0,3.0,6,,,0,0
155811,WELLBROOKE OF AVON,IN,American Healthcare REIT / Trilogy,2013,-2,,,,,,,,,,,,,,,,,,,,,,,,,,,,,,,,,,,,,,,,,,,,,,,,,,,,,,,,
155811,WELLBROOKE OF AVON,IN,American Healthcare REIT / Trilogy,2014,-1,,,,,,,,,,,,,,,WELLBROOKE OF AVON,For profit - Partnership,LCS AVON LLC,70,3,N,,,,,,,,,,,,3.0,,,,,,,2.49261,0.71762,1.46832,4.67855,,,,,4.0,4.0,3.0,1.0,2.0,,,,,
155811,WELLBROOKE OF AVON,IN,American Healthcare REIT / Trilogy,2015,0,,,,,,,,,,,,,,,WELLBROOKE OF AVON,For profit - Corporation,Legal Business Name Not Available,70,54,N,4,3,4,5,5,2.5963,1.11944,2.03148,3.15093,5.74722,0.21204,4.0,2.5963,1.11944,2.03148,3.15093,5.74722,0.21204,2.454285,0.712765,1.4554874999999998,4.622529999999999,2.5968099999999996,1.303635,1.0430375,5.011835,18.0,17.0,4.0,14.0,2.0,,,,,
155811,WELLBROOKE OF AVON,IN,American Healthcare REIT / Trilogy,2016,1,,,,,,,,,,,,,,,WELLBROOKE OF AVON,For profit - Corporation,Legal Business Name Not Available,70,54,N,5,4,5,5,5,2.5963,1.11944,2.03148,3.15093,5.74722,0.21204,4.0,2.2370574999999997,1.059425,1.436715,2.4961425,4.7331975,0.3198375,2.2208775,0.6717725,1.3849125,4.277565,2.4696825000000002,1.3097150000000002,0.7715175,4.447855000000001,,,,,,,,,,
155811,WELLBROOKE OF AVON,IN,American Healthcare REIT / Trilogy,2017,2,,,,,,,,,,,,,,,WELLBROOKE OF AVON,For profit - Corporation,PUTNAM COUNTY HOSPITAL,70,36,N,4,2,5,4,4,1.94306,1.60694,0.89167,2.49861,4.44167,0.59583,,,,,,,,,,,,,,,,23.0,18.0,4.0,19.0,4.0,4,,,0,0
155812,WELLBROOKE OF CRAWFORDSVILLE,IN,American Healthcare REIT / Trilogy,2013,-2,,,,,,,,,,,,,,,,,,,,,,,,,,,,,,,,,,,,,,,,,,,,,,,,,,,,,,,,
155812,WELLBROOKE OF CRAWFORDSVILLE,IN,American Healthcare REIT / Trilogy,2014,-1,,,,,,,,,,,,,,,WELLBROOKE OF CRAWFORDSVILLE,For profit - Corporation,LCS CRAWFORDSVILLE LLC,70,2,N,,,,,,,,,,,,3.0,,,,,,,2.47496,0.66682,1.33078,4.47256,,,,,2.0,2.0,0.0,2.0,1.0,,,,,
155812,WELLBROOKE OF CRAWFORDSVILLE,IN,American Healthcare REIT / Trilogy,2015,0,,,,,,,,,,,,,,,WELLBROOKE OF CRAWFORDSVILLE,For profit - Corporation,Legal Business Name Not Available,70,42,N,4,5,1,5,5,3.53571,2.30595,2.61905,4.925,8.46071,0.30833,4.0,3.53571,2.30595,2.61905,4.925,8.46071,0.30833,2.3791525,0.6987,1.4039225,4.4817725,3.65827,2.7440175,1.39395,7.6202000000000005,15.0,15.0,0.0,15.0,2.0,,,,,
155812,WELLBROOKE OF CRAWFORDSVILLE,IN,American Healthcare REIT / Trilogy,2016,1,,,,,,,,,,,,,,,WELLBROOKE OF CRAWFORDSVILLE,For profit - Corporation,Legal Business Name Not Available,70,42,N,5,5,2,5,5,3.53571,2.30595,2.61905,4.925,8.46071,0.30833,4.0,2.3174175,1.8713025,1.25618,3.127475,5.4449000000000005,0.2688275,2.3109825,0.64486,1.25654,4.2123825,2.4662175,2.4029725,0.72456,5.1834075,,,,,,,,,,
155812,WELLBROOKE OF CRAWFORDSVILLE,IN,American Healthcare REIT / Trilogy,2017,2,,,,,,,,,,,,,,,WELLBROOKE OF CRAWFORDSVILLE,Government - County,PUTNAM COUNTY HOSPITAL,70,65,N,3,4,3,1,2,1.71154,0.92385,0.52692,1.45077,3.16231,0.15154,,,,,,,,,,,,,,,,10.0,8.0,1.0,9.0,3.0,0,,,0,0
155815,CLEARVISTA LAKE HEALTH CAMPUS,IN,American Healthcare REIT / Trilogy,2013,-2,,,,,,,,,,,,,,,,,,,,,,,,,,,,,,,,,,,,,,,,,,,,,,,,,,,,,,,,
155815,CLEARVISTA LAKE HEALTH CAMPUS,IN,American Healthcare REIT / Trilogy,2014,-1,,,,,,,,,,,,,,,CLEARVISTA LAKE HEALTH CAMPUS,For profit - Corporation,RHS PARTNERS OF CASTLETON LLC,70,3,N,,,,,,,,,,,,2.0,,,,,,,2.40301,0.73306,1.33713,4.4732,,,,,8.0,7.0,7.0,1.0,3.0,,,,,
155815,CLEARVISTA LAKE HEALTH CAMPUS,IN,American Healthcare REIT / Trilogy,2015,0,,,,,,,,,,,,,,,CLEARVISTA LAKE HEALTH CAMPUS,For profit - Corporation,RHS PARTNERS OF CASTLETON LLC,70,58,N,2,1,2,5,5,2.40086,1.70172,1.22672,2.92845,5.3293,0.31034,4.0,2.40086,1.70172,1.22672,2.92845,5.3293,0.31034,2.40913,0.70042,1.3097949999999998,4.41934,2.43908,2.11512,0.71473,4.92085,22.0,17.0,13.0,9.0,6.0,,,,,
155815,CLEARVISTA LAKE HEALTH CAMPUS,IN,American Healthcare REIT / Trilogy,2016,1,,,,,,,,,,,,,,,CLEARVISTA LAKE HEALTH CAMPUS,For profit - Corporation,WITHAM MEMORIAL HOSPITAL,70,58,Y,2,1,2,5,5,2.40086,1.70172,1.22672,2.92845,5.3293,0.31034,4.0,2.367235,1.65288,1.1289025000000001,2.7817925,5.1490175,0.2759375,2.3912725,0.6533800000000001,1.2535875,4.29823,2.4287225,2.0986025,0.66978,4.8242375,26.0,24.0,17.0,18.0,3.0,,,,,
155815,CLEARVISTA LAKE HEALTH CAMPUS,IN,American Healthcare REIT / Trilogy,2017,2,,,,,,,,,,,,,,,CLEARVISTA LAKE HEALTH CAMPUS,For profit - Corporation,WITHAM MEMORIAL HOSPITAL,70,35,N,1,1,2,2,3,0.49286,1.99143,0.84143,2.83286,3.32572,0.22429,,,,,,,,,,,,,,,,51.0,31.0,32.0,28.0,10.0,6,,,0,0
155816,ARLINGTON PLACE HEALTH CAMPUS,IN,American Healthcare REIT / Trilogy,2013,-2,,,,,,,,,,,,,,,,,,,,,,,,,,,,,,,,,,,,,,,,,,,,,,,,,,,,,,,,
155816,ARLINGTON PLACE HEALTH CAMPUS,IN,American Healthcare REIT / Trilogy,2014,-1,,,,,,,,,,,,,,,ARLINGTON PLACE HEALTH CAMPUS,For profit - Corporation,Legal Business Name Not Available,70,3,N,,,,,,,,,,,,1.0,,,,,,,2.55546,0.67761,1.22739,4.46046,,,,,1.0,1.0,1.0,0.0,1.0,,,,,
155816,ARLINGTON PLACE HEALTH CAMPUS,IN,American Healthcare REIT / Trilogy,2015,0,,,,,,,,,,,,,,,ARLINGTON PLACE HEALTH CAMPUS,For profit - Corporation,Legal Business Name Not Available,84,62,Y,4,4,4,4,3,2.02903,1.72419,0.82661,2.55081,4.57983,0.26532,4.0,2.02903,1.72419,0.82661,2.55081,4.57983,0.26532,2.481415,0.6746325,1.2352425,4.391287500000001,2.07212,2.131295,0.49691,4.27376,12.0,12.0,4.0,9.0,4.0,,,,,
155816,ARLINGTON PLACE HEALTH CAMPUS,IN,American Healthcare REIT / Trilogy,2016,1,,,,,,,,,,,,,,,ARLINGTON PLACE HEALTH CAMPUS,For profit - Corporation,WITHAM MEMORIAL HOSPITAL,84,62,Y,4,4,4,4,3,2.02903,1.72419,0.82661,2.55081,4.57983,0.26532,4.0,2.03283,1.68561,0.7613025,2.4469225,4.4797425,0.3164575,2.3292675,0.6633925,1.259185,4.251837500000001,2.142205,2.1097975,0.4520425,4.2500575000000005,14.0,11.0,9.0,5.0,3.0,,,,,
155816,ARLINGTON PLACE HEALTH CAMPUS,IN,American Healthcare REIT / Trilogy,2017,2,,,,,,,,,,,,,,,ARLINGTON PLACE HEALTH CAMPUS,Government - County,WITHAM MEMORIAL HOSPITAL,84,74,N,3,2,5,3,3,1.86959,1.31081,0.84527,2.15608,4.02567,0.22297,,,,,,,,,,,,,,,,38.0,21.0,22.0,17.0,9.0,8,,,0,0
155818,HEARTHSTONE HEALTH CAMPUS,IN,American Healthcare REIT / Trilogy,2013,-2,,,,,,,,,,,,,,,,,,,,,,,,,,,,,,,,,,,,,,,,,,,,,,,,,,,,,,,,
155818,HEARTHSTONE HEALTH CAMPUS,IN,American Healthcare REIT / Trilogy,2014,-1,,,,,,,,,,,,,,,HEARTHSTONE HEALTH CAMPUS,For profit - Corporation,TRILOGY HEALTHCARE OF BLOOMINGTON LLC,64,3,N,,,,,,,,,,,,2.0,,,,,,,2.48499,0.71869,1.36724,4.57091,,,,,1.0,1.0,0.0,1.0,1.0,,,,,
155818,HEARTHSTONE HEALTH CAMPUS,IN,American Healthcare REIT / Trilogy,2015,0,,,,,,,,,,,,,,,HEARTHSTONE HEALTH CAMPUS,Non profit - Other,DAVIESS COUNTY HOSPITAL,64,44,N,4,4,3,,,,,,,,,4.0,,,,,,,2.4760125,0.7079650000000001,1.34783,4.5318,,,,,3.0,3.0,0.0,3.0,1.0,,,,,
155818,HEARTHSTONE HEALTH CAMPUS,IN,American Healthcare REIT / Trilogy,2016,1,,,,,,,,,,,,,,,HEARTHSTONE HEALTH CAMPUS,Non profit - Other,DAVIESS COUNTY HOSPITAL,64,44,N,4,4,4,,,,,,,,,4.0,2.57981,1.8625,0.92788,2.79038,5.37019,0.11154,2.4335125,0.6530199999999999,1.218595,4.305127499999999,2.65211,2.64384,0.68946,5.44284,2.0,2.0,0.0,2.0,1.0,,,,,
155818,HEARTHSTONE HEALTH CAMPUS,IN,American Healthcare REIT / Trilogy,2017,2,,,,,,,,,,,,,,,HEARTHSTONE HEALTH CAMPUS,Government - County,DAVIESS COUNTY HOSPITAL,64,55,N,4,4,4,3,5,1.73545,1.06818,0.95818,2.02636,3.76181,0.11818,,,,,,,,,,,,,,,,10.0,9.0,0.0,10.0,3.0,5,,,0,0
155819,WELLBROOKE OF KOKOMO,IN,American Healthcare REIT / Trilogy,2013,-2,,,,,,,,,,,,,,,,,,,,,,,,,,,,,,,,,,,,,,,,,,,,,,,,,,,,,,,,
155819,WELLBROOKE OF KOKOMO,IN,American Healthcare REIT / Trilogy,2014,-1,,,,,,,,,,,,,,,WELLBROOKE OF KOKOMO,For profit - Partnership,LCS KOKOMO LLC,70,3,N,,,,,,,,,,,,2.0,,,,,,,2.47455,0.72569,1.59948,4.79972,,,,,1.0,1.0,0.0,1.0,1.0,,,,,
155819,WELLBROOKE OF KOKOMO,IN,American Healthcare REIT / Trilogy,2015,0,,,,,,,,,,,,,,,WELLBROOKE OF KOKOMO,For profit - Corporation,Legal Business Name Not Available,70,51,N,4,3,2,5,5,2.11765,1.59314,1.52451,3.11765,5.2353,0.15294,4.0,2.11765,1.59314,1.52451,3.11765,5.2353,0.15294,2.445145,0.72752,1.553215,4.72588,2.2046,1.80395,0.80536,4.68501,5.0,5.0,0.0,5.0,1.0,,,,,
155819,WELLBROOKE OF KOKOMO,IN,American Healthcare REIT / Trilogy,2016,1,,,,,,,,,,,,,,,WELLBROOKE OF KOKOMO,For profit - Corporation,WITHAM MEMORIAL HOSPITAL,70,51,N,4,3,3,5,5,2.11765,1.59314,1.52451,3.11765,5.2353,0.15294,4.0,2.1227275,1.53328,1.4005575000000001,2.93384,5.056565,0.19479749999999998,2.347925,0.7273850000000001,1.3943075,4.4696175,2.21852,1.7483024999999999,0.7480724999999999,4.557255,6.0,5.0,3.0,3.0,2.0,,,,,
155819,WELLBROOKE OF KOKOMO,IN,American Healthcare REIT / Trilogy,2017,2,,,,,,,,,,,,,,,WELLBROOKE OF KOKOMO,For profit - Corporation,WITHAM MEMORIAL HOSPITAL,70,59,N,4,3,5,2,4,1.74153,0.92373,0.90424,1.82797,3.5695,0.09068,,,,,,,,,,,,,,,,17.0,13.0,9.0,13.0,5.0,5,,,0,0
155822,CEDAR CREEK HEALTH CAMPUS,IN,American Healthcare REIT / Trilogy,2013,-2,,,,,,,,,,,,,,,,,,,,,,,,,,,,,,,,,,,,,,,,,,,,,,,,,,,,,,,,
155822,CEDAR CREEK HEALTH CAMPUS,IN,American Healthcare REIT / Trilogy,2014,-1,,,,,,,,,,,,,,,CEDAR CREEK HEALTH CAMPUS,For profit - Corporation,TRILOGY HEALTHCARE OF LOWELL LLC,58,2,N,,,,,,,,,,,,1.0,,,,,,,,,,,,,,,5.0,5.0,4.0,1.0,2.0,,,,,
155822,CEDAR CREEK HEALTH CAMPUS,IN,American Healthcare REIT / Trilogy,2015,0,,,,,,,,,,,,,,,CEDAR CREEK HEALTH CAMPUS,For profit - Corporation,HANCOCK REGIONAL HOSPITAL,58,46,Y,2,2,3,2,3,1.48587,1.13478,0.82065,1.95543,3.4413,0.25435,4.0,1.48587,1.13478,0.82065,1.95543,3.4413,0.25435,2.4656725,0.7214275,1.4813725,4.668475,1.5436,1.368955,0.44861,3.139725,14.0,13.0,3.0,11.0,3.0,,,,,
155822,CEDAR CREEK HEALTH CAMPUS,IN,American Healthcare REIT / Trilogy,2016,1,,,,,,,,,,,,,,,CEDAR CREEK HEALTH CAMPUS,For profit - Corporation,HANCOCK REGIONAL HOSPITAL,58,46,N,2,2,3,2,3,1.48587,1.13478,0.82065,1.95543,3.4413,0.25435,4.0,1.8547675000000001,1.2901475,0.789445,2.0795925,3.93436,0.21914750000000002,2.3323674999999997,0.65943,1.2409649999999999,4.2327625,1.940575,1.6363999999999999,0.475325,3.7604575,12.0,12.0,5.0,7.0,2.0,,,,,
155822,CEDAR CREEK HEALTH CAMPUS,IN,American Healthcare REIT / Trilogy,2017,2,,,,,,,,,,,,,,,CEDAR CREEK HEALTH CAMPUS,Government - County,HANCOCK REGIONAL HOSPITAL,58,40,N,4,3,2,4,4,2.3375,1.05375,0.935,1.98875,4.32625,0.20125,,,,,,,,,,,,,,,,30.0,18.0,9.0,21.0,7.0,3,,,0,0
155824,WELLBROOKE OF SOUTH BEND,IN,American Healthcare REIT / Trilogy,2013,-2,,,,,,,,,,,,,,,,,,,,,,,,,,,,,,,,,,,,,,,,,,,,,,,,,,,,,,,,
155824,WELLBROOKE OF SOUTH BEND,IN,American Healthcare REIT / Trilogy,2014,-1,,,,,,,,,,,,,,,,,,,,,,,,,,,,,,,,,,,,,,,,,,,,,,,,,,,,,,,,
155824,WELLBROOKE OF SOUTH BEND,IN,American Healthcare REIT / Trilogy,2015,0,,,,,,,,,,,,,,,WELLBROOKE OF SOUTH BEND,For profit - Corporation,Legal Business Name Not Available,70,1,Y,,,,,,,,,,,,4.0,,,,,,,2.37233,0.71423,1.52257,4.60913,,,,,15.0,14.0,2.0,13.0,3.0,,,,,
155824,WELLBROOKE OF SOUTH BEND,IN,American Healthcare REIT / Trilogy,2016,1,,,,,,,,,,,,,,,WELLBROOKE OF SOUTH BEND,For profit - Corporation,HANCOCK REGIONAL HOSPITAL,70,1,Y,,,,,,,,,,,,4.0,2.55,1.80921,0.92237,2.7315799999999997,5.28158,0.22895,2.3039225,0.68933,1.3366675,4.3299199999999995,2.74292,2.20497,0.54067,5.02484,7.0,7.0,0.0,7.0,1.0,,,,,
155824,WELLBROOKE OF SOUTH BEND,IN,American Healthcare REIT / Trilogy,2017,2,,,,,,,,,,,,,,,WELLBROOKE OF SOUTH BEND,Government - County,HANCOCK REGIONAL HOSPITAL,70,53,N,5,3,5,4,4,2.32736,1.19057,0.93774,2.1283,4.45567,0.10755,,,,,,,,,,,,,,,,16.0,13.0,4.0,13.0,4.0,7,,,0,0
155829,"SPRINGS AT LAFAYETTE, THE",IN,American Healthcare REIT / Trilogy,2013,-2,,,,,,,,,,,,,,,,,,,,,,,,,,,,,,,,,,,,,,,,,,,,,,,,,,,,,,,,
155829,"SPRINGS AT LAFAYETTE, THE",IN,American Healthcare REIT / Trilogy,2014,-1,,,,,,,,,,,,,,,,,,,,,,,,,,,,,,,,,,,,,,,,,,,,,,,,,,,,,,,,
155829,"SPRINGS AT LAFAYETTE, THE",IN,American Healthcare REIT / Trilogy,2015,0,,,,,,,,,,,,,,,SPRINGS AT LAFAYETTE THE,For profit - Corporation,RHS PARTNERS OF LAFAYETTE LLC,70,3,N,,,,,,,,,,,,2.0,,,,,,,1.93489,0.61574,1.22607,3.7767,,,,,,,,,,,,,,
155829,"SPRINGS AT LAFAYETTE, THE",IN,American Healthcare REIT / Trilogy,2016,1,,,,,,,,,,,,,,,SPRINGS AT LAFAYETTE THE,For profit - Corporation,Legal Business Name Not Available,70,3,N,,,,,,,,,,,,4.0,2.83367,1.24796,1.40102,2.64898,5.48265,0.11633,2.048915,0.6225725,1.2092925,3.8807774999999998,2.908,1.61073,0.90326,5.27068,16.0,16.0,3.0,13.0,3.0,,,,,
155829,"SPRINGS AT LAFAYETTE, THE",IN,American Healthcare REIT / Trilogy,2017,2,,,,,,,,,,,,,,,"SPRINGS AT LAFAYETTE, THE",Government - County,WITHAM MEMORIAL HOSPITAL,70,53,N,2,2,4,3,3,2.5066,1.04623,0.83396,1.88019,4.38679,0.13774,,,,,,,,,,,,,,,,27.0,20.0,3.0,24.0,4.0,11,,,0,0
155830,HARRISON'S CROSSING HEALTH CAMPUS,IN,American Healthcare REIT / Trilogy,2013,-2,,,,,,,,,,,,,,,,,,,,,,,,,,,,,,,,,,,,,,,,,,,,,,,,,,,,,,,,
155830,HARRISON'S CROSSING HEALTH CAMPUS,IN,American Healthcare REIT / Trilogy,2014,-1,,,,,,,,,,,,,,,,,,,,,,,,,,,,,,,,,,,,,,,,,,,,,,,,,,,,,,,,
155830,HARRISON'S CROSSING HEALTH CAMPUS,IN,American Healthcare REIT / Trilogy,2015,0,,,,,,,,,,,,,,,HARRISON'S CROSSINGS HEALTH CAMPUS,For profit - Corporation,RHS PARTNERS OF TERRE HAUTE LLC,72,3,N,,,,,,,,,,,,2.0,,,,,,,2.4028,0.67962,1.36793,4.45035,,,,,1.0,1.0,1.0,0.0,1.0,,,,,
155830,HARRISON'S CROSSING HEALTH CAMPUS,IN,American Healthcare REIT / Trilogy,2016,1,,,,,,,,,,,,,,,HARRISON'S CROSSING HEALTH CAMPUS,For profit - Corporation,Legal Business Name Not Available,72,3,N,,,,,,,,,,,,4.0,2.60741,1.46667,1.03241,2.49907,5.10649,0.23056,2.4520775,0.6880125,1.364655,4.504747500000001,2.46077,1.70689,0.56938,4.4096,4.0,4.0,1.0,3.0,2.0,,,,,
155830,HARRISON'S CROSSING HEALTH CAMPUS,IN,American Healthcare REIT / Trilogy,2017,2,,,,,,,,,,,,,,,HARRISON'S CROSSING HEALTH CAMPUS,For profit - Corporation,PUTNAM COUNTY HOSPITAL,72,63,N,5,4,5,3,3,2.30556,0.86746,0.7254,1.59286,3.89842,0.0,,,,,,,,,,,,,,,,11.0,9.0,3.0,8.0,5.0,5,,,0,0
155833,WELLBROOKE OF CARMEL,IN,American Healthcare REIT / Trilogy,2013,-2,,,,,,,,,,,,,,,,,,,,,,,,,,,,,,,,,,,,,,,,,,,,,,,,,,,,,,,,
155833,WELLBROOKE OF CARMEL,IN,American Healthcare REIT / Trilogy,2014,-1,,,,,,,,,,,,,,,,,,,,,,,,,,,,,,,,,,,,,,,,,,,,,,,,,,,,,,,,
155833,WELLBROOKE OF CARMEL,IN,American Healthcare REIT / Trilogy,2015,0,,,,,,,,,,,,,,,WELLBROOKE OF CARMEL,For profit - Corporation,RHS PARTNERS OF CARMEL LLC,72,4,N,,,,,,,,,,,,1.0,,,,,,,,,,,,,,,8.0,7.0,8.0,0.0,3.0,,,,,
155833,WELLBROOKE OF CARMEL,IN,American Healthcare REIT / Trilogy,2016,1,,,,,,,,,,,,,,,WELLBROOKE OF CARMEL,For profit - Corporation,Legal Business Name Not Available,72,4,N,,,,,,,,,,,,4.0,,,,,,,2.41414,0.68639,1.27044,4.37097,,,,,4.0,4.0,0.0,4.0,1.0,,,,,
155833,WELLBROOKE OF CARMEL,IN,American Healthcare REIT / Trilogy,2017,2,,,,,,,,,,,,,,,WELLBROOKE OF CARMEL,For profit - Partnership,WITHAM MEMORIAL HOSPITAL,74,37,N,4,4,4,4,5,1.8973,1.62027,1.28784,2.90811,4.80541,0.17703,,,,,,,,,,,,,,,,13.0,11.0,8.0,5.0,5.0,1,,,0,0
155837,"VILLAGES AT OAK RIDGE, THE",IN,American Healthcare REIT / Trilogy,2013,-2,,,,,,,,,,,,,,,,,,,,,,,,,,,,,,,,,,,,,,,,,,,,,,,,,,,,,,,,
155837,"VILLAGES AT OAK RIDGE, THE",IN,American Healthcare REIT / Trilogy,2014,-1,,,,,,,,,,,,,,,,,,,,,,,,,,,,,,,,,,,,,,,,,,,,,,,,,,,,,,,,
155837,"VILLAGES AT OAK RIDGE, THE",IN,American Healthcare REIT / Trilogy,2015,0,,,,,,,,,,,,,,,"VILLAGES AT OAK RIDGE, THE",For profit - Corporation,Legal Business Name Not Available,58,2,N,,,,,,,,,,,,1.0,,,,,,,,,,,,,,,1.0,1.0,0.0,1.0,1.0,,,,,
155837,"VILLAGES AT OAK RIDGE, THE",IN,American Healthcare REIT / Trilogy,2016,1,,,,,,,,,,,,,,,"VILLAGES AT OAK RIDGE, THE",For profit - Corporation,Legal Business Name Not Available,58,2,N,,,,,,,,,,,,4.0,,,,,,,2.51693,0.72343,1.39824,4.63859,,,,,,,,,,,,,,
155837,"VILLAGES AT OAK RIDGE, THE",IN,American Healthcare REIT / Trilogy,2017,2,,,,,,,,,,,,,,,"VILLAGES AT OAK RIDGE, THE",Government - County,DAVIESS COUNTY HOSPITAL,58,32,N,5,5,4,5,5,3.9875,1.23594,1.47969,2.71563,6.70313,0.07188,,,,,,,,,,,,,,,,1.0,1.0,0.0,1.0,1.0,0,,,0,0
155838,STONECROFT HEALTH CAMPUS,IN,American Healthcare REIT / Trilogy,2013,-2,,,,,,,,,,,,,,,,,,,,,,,,,,,,,,,,,,,,,,,,,,,,,,,,,,,,,,,,
155838,STONECROFT HEALTH CAMPUS,IN,American Healthcare REIT / Trilogy,2014,-1,,,,,,,,,,,,,,,,,,,,,,,,,,,,,,,,,,,,,,,,,,,,,,,,,,,,,,,,
155838,STONECROFT HEALTH CAMPUS,IN,American Healthcare REIT / Trilogy,2015,0,,,,,,,,,,,,,,,STONECROFT HEALTH CAMPUS,For profit - Corporation,"RHS PARTNERS OF BLOOMINGTON, LLC",70,2,N,,,,,,,,,,,,1.0,,,,,,,,,,,,,,,2.0,2.0,2.0,0.0,1.0,,,,,
155838,STONECROFT HEALTH CAMPUS,IN,American Healthcare REIT / Trilogy,2016,1,,,,,,,,,,,,,,,STONECROFT HEALTH CAMPUS,For profit - Corporation,Legal Business Name Not Available,70,2,N,,,,,,,,,,,,4.0,,,,,,,2.57773,0.73452,1.37636,4.68861,,,,,7.0,7.0,0.0,7.0,1.0,,,,,
155838,STONECROFT HEALTH CAMPUS,IN,American Healthcare REIT / Trilogy,2017,2,,,,,,,,,,,,,,,STONECROFT HEALTH CAMPUS,Government - County,DAVIESS COUNTY HOSPITAL,70,51,N,4,4,4,4,4,1.87843,1.63039,0.9098,2.5402,4.41862,0.17745,,,,,,,,,,,,,,,,10.0,9.0,3.0,7.0,3.0,7,,,0,0
185132,Franciscan Health Care Center,KY,American Healthcare REIT / Trilogy,2013,-2,FRANCISCAN HEALTH CARE CENTER,KY,85,,82.45,26.19,48.81,0.307,1.46,1.979,3.746,0.1506,0.1692,facility_2013.xls,FRANCISCAN HEALTH CARE CENTER,FOR PROFIT - CORPORATION,"TRILOGY HEALTHCARE OF JEFFERSON, LLC",85,81,N,5,3,5,4,3,2.03,1.44,0.87,2.31,4.34,0.19,4.0,2.005,1.45,0.86,2.31,4.3149999999999995,0.19,2.281,0.675,1.4175,4.375,2.16,1.7850000000000001,0.45,3.9749999999999996,22.0,19.0,6.0,16.0,5.0,,,,,
185132,Franciscan Health Care Center,KY,American Healthcare REIT / Trilogy,2014,-1,FRANCISCAN HEALTH CARE CENTER,KY,85,,84.56,29.33,42.67,0.379,1.749,2.152,4.28,0.1044,0.1384,facility_2014.xls,FRANCISCAN HEALTH CARE CENTER,For profit - Corporation,"TRILOGY HEALTHCARE OF JEFFERSON, LLC",85,75,N,4,2,5,4,4,2.152,1.74933,0.93267,2.682,4.834,0.22067,4.0,2.1087925,1.6770275000000001,0.9114075,2.588435,4.6972274999999994,0.2135675,2.27133,0.6523425,1.3715025,4.2951725,2.2779225,2.139105,0.49755249999999995,4.411497499999999,,,,,,,,,,
185132,Franciscan Health Care Center,KY,American Healthcare REIT / Trilogy,2015,0,FRANCISCAN HEALTH CARE CENTER,KY,85,,84.06,25.61,42.68,0.345,1.268,1.921,3.534,0.1123,0.1564,facility_2015.xls,FRANCISCAN HEALTH CARE CENTER,For profit - Corporation,"TRILOGY HEALTHCARE OF JEFFERSON, LLC",85,82,N,4,3,4,4,4,1.92073,1.26829,1.1811,2.44939,4.37012,0.19085,4.0,1.9785475000000001,1.38855,1.1189925,2.5075425,4.48609,0.198305,2.3070874999999997,0.6300225,1.2881,4.22521,2.1054825,1.8264375,0.65135,4.2788775,,,,,,,,,,
185132,Franciscan Health Care Center,KY,American Healthcare REIT / Trilogy,2016,1,FRANCISCAN HEALTH CARE CENTER,KY,85,,78.59,29.49,34.62,0.568,1.41,1.923,3.901,0.1345,,facility_2016.xls,FRANCISCAN HEALTH CARE CENTER,For profit - Corporation,"TRILOGY HEALTHCARE OF JEFFERSON, LLC",85,82,N,5,3,5,4,4,1.92073,1.26829,1.1811,2.44939,4.37012,0.19085,4.0,1.921905,1.339275,1.167475,2.506745,4.428655,0.19382,2.308785,0.630595,1.269325,4.208705,2.042835,1.762435,0.6874899999999999,4.24167,1.0,1.0,0.0,1.0,1.0,,,,,
185132,Franciscan Health Care Center,KY,American Healthcare REIT / Trilogy,2017,2,FRANCISCAN HEALTH CARE CENTER,KY,85,62,82.49,24.71,50.59,0.412,1.237,1.839,3.488,0.1462,0.1829,facility_2017.xls,FRANCISCAN HEALTH CARE CENTER,For profit - Corporation,"TRILOGY HEALTHCARE OF JEFFERSON, LLC",85,85,N,2,2,3,3,3,1.91412,1.23706,0.63706,1.87412,3.78824,0.14647,,,,,,,,,,,,,,,,12.0,10.0,3.0,9.0,4.0,8,,,0,0
185145,Cedar Ridge Health Campus,KY,American Healthcare REIT / Trilogy,2013,-2,CEDAR RIDGE HEALTH CAMPUS,KY,53,,52.48,32.69,26.92,0.266,0.967,1.981,3.214,0.1275,0.1262,facility_2013.xls,CEDAR RIDGE HEALTH CAMPUS,FOR PROFIT - CORPORATION,"TRILOGY HEALTH SERVICES, LLC",53,49,N,4,4,4,4,3,2.35,1.1,0.69,1.79,4.14,0.12,4.0,2.3225000000000002,1.0675000000000001,0.6575,1.725,4.047499999999999,0.11249999999999999,2.528,0.6779999999999999,1.09775,4.3025,2.2525,1.3075,0.445,3.7875,,,,,,,,,,
185145,Cedar Ridge Health Campus,KY,American Healthcare REIT / Trilogy,2014,-1,CEDAR RIDGE HEALTH CAMPUS,KY,53,,51.98,34.62,34.62,0.188,1.091,1.968,3.247,0.1241,0.1263,facility_2014.xls,CEDAR RIDGE HEALTH CAMPUS,For profit - Corporation,TRILOGY HEALTH SERVICES LLC,53,52,N,4,4,3,2,2,2.24327,1.09135,0.52885,1.62019,3.86347,0.1125,4.0,2.2382225,0.99832,0.5533675,1.551685,3.78991,0.09807750000000001,2.49737,0.70075,1.125045,4.3231675,2.2008925,1.1826050000000001,0.3676775,3.5342875,3.0,3.0,0.0,3.0,1.0,,,,,
185145,Cedar Ridge Health Campus,KY,American Healthcare REIT / Trilogy,2015,0,CEDAR RIDGE HEALTH CAMPUS,KY,53,,50.93,35.42,29.17,0.395,1.046,2.208,3.649,0.13,0.1465,facility_2015.xls,CEDAR RIDGE HEALTH CAMPUS,For profit - Corporation,TRILOGY HEALTHCARE OF CYNTHIANA LLC,53,48,Y,4,4,2,4,4,2.55625,1.04583,0.74792,1.79375,4.35,0.05521,4.0,2.3215149999999998,1.07997,0.5836175,1.66358,3.9851025,0.0981775,2.5537650000000003,0.6513725,1.09678,4.3019099999999995,2.2294025,1.3763225,0.3985575,3.7333250000000002,2.0,2.0,0.0,2.0,1.0,,,,,
185145,Cedar Ridge Health Campus,KY,American Healthcare REIT / Trilogy,2016,1,CEDAR RIDGE HEALTH CAMPUS,KY,53,,48.14,26.92,32.69,0.272,0.988,2.209,3.468,0.1545,,facility_2016.xls,CEDAR RIDGE HEALTH CAMPUS,For profit - Corporation,TRILOGY HEALTHCARE OF CYNTHIANA LLC,53,48,Y,4,4,2,4,4,2.55625,1.04583,0.74792,1.79375,4.35,0.05521,4.0,2.55625,1.04583,0.74792,1.79375,4.35,0.05521,2.6025,0.65789,1.07119,4.33158,2.4101,1.31942,0.5217,4.04804,,,,,,,,,,
185145,Cedar Ridge Health Campus,KY,American Healthcare REIT / Trilogy,2017,2,CEDAR RIDGE HEALTH CAMPUS,KY,53,41,49.95,37.74,16.98,0.382,0.659,1.901,2.942,0.1881,,facility_2017.xls,CEDAR RIDGE HEALTH CAMPUS,For profit - Corporation,TRILOGY HEALTHCARE OF CYNTHIANA LLC,53,53,N,5,5,2,2,3,2.14057,0.65943,0.56698,1.22642,3.36698,0.1,,,,,,,,,,,,,,,,2.0,2.0,0.0,2.0,1.0,0,,,0,0
185210,The Willows at Harrodsburg,KY,American Healthcare REIT / Trilogy,2013,-2,THE JAMES B. HAGGIN MEMORIAL HOSPITAL,KY,34,,32.21,68.75,6.25,0.072,2.311,2.859,5.242,0.0,,facility_2013.xls,THE JAMES B. HAGGIN MEMORIAL HOSPITAL,NONPROFIT - CORPORATION,JAMES B. HAGGIN MEMORIAL HOSPITAL,34,34,N,2,1,5,4,4,2.65,1.71,0.78,2.49,5.14,0.0,4.0,2.7325,1.8599999999999999,0.765,2.625,5.359999999999999,0.0225,2.6420000000000003,0.667,0.8745,4.185,2.5425,2.3225,0.6525000000000001,5.1674999999999995,2.0,2.0,1.0,1.0,2.0,,,,,
185210,The Willows at Harrodsburg,KY,American Healthcare REIT / Trilogy,2014,-1,THE JAMES B. HAGGIN MEMORIAL HOSPITAL,KY,34,,32.56,66.67,9.09,0.08,1.742,2.612,4.435,0.1176,,facility_2014.xls,THE JAMES B. HAGGIN MEMORIAL HOSPITAL,Non profit - Corporation,THE JAMES B. HAGGIN MEMORIAL HOSPITAL INC,34,33,N,5,3,5,4,4,2.61212,1.74242,0.67727,2.4197,5.03181,0.02879,4.0,2.8901375000000002,2.16881,0.7118975,2.88071,5.7708450000000004,0.0739925,2.5855924999999997,0.6353175,0.8339274999999999,4.05483,2.7420400000000003,2.825455,0.638585,5.73076,6.0,6.0,0.0,6.0,2.0,,,,,
185210,The Willows at Harrodsburg,KY,American Healthcare REIT / Trilogy,2015,0,THE JAMES B. HAGGIN MEMORIAL HOSPITAL,KY,34,,32.52,87.88,0.0,0.0,1.705,2.58,4.285,0.0952,,facility_2015.xls,THE JAMES B. HAGGIN MEMORIAL HOSPITAL,Non profit - Corporation,THE JAMES B. HAGGIN MEMORIAL HOSPITAL INC,34,33,N,5,3,5,4,3,2.5803,1.70455,0.57576,2.2803,4.86061,0.04394,4.0,2.59621,1.7234850000000002,0.626515,2.35,4.946210000000001,0.036365,2.562945,0.6271225,0.8159225,4.00599,2.4855475,2.2876425,0.579315,4.9807875,11.0,11.0,0.0,11.0,2.0,,,,,
185210,The Willows at Harrodsburg,KY,American Healthcare REIT / Trilogy,2016,1,THE WILLOWS AT HARRODSBURG,KY,34,,29.82,75.86,0.0,0.31,1.591,1.938,3.84,0.2143,,facility_2016.xls,THE JAMES B. HAGGIN MEMORIAL HOSPITAL,Non profit - Corporation,THE JAMES B. HAGGIN MEMORIAL HOSPITAL INC,34,33,N,5,3,5,4,3,2.5803,1.70455,0.57576,2.2803,4.86061,0.04394,4.0,2.3358825,1.77283,0.6920999999999999,2.4649275,4.8008125,0.0264275,2.6081849999999998,0.6172025,0.8138325,4.039225,2.1995525,2.39237,0.638145,4.791415,12.0,10.0,0.0,12.0,2.0,,,,,
185210,The Willows at Harrodsburg,KY,American Healthcare REIT / Trilogy,2017,2,THE WILLOWS AT HARRODSBURG,KY,34,30,31.73,62.5,6.25,0.178,1.438,1.745,3.361,0.1212,0.1321,facility_2017.xls,THE WILLOWS AT HARRODSBURG,For profit - Corporation,TRILOGY HEALTHCARE OF MERCER LLC,34,29,N,4,2,5,4,4,1.93793,1.59138,0.68103,2.27241,4.21034,0.02931,,,,,,,,,,,,,,,,19.0,14.0,0.0,19.0,3.0,5,,,0,0
235451,The Oaks at Battle Creek,MI,American Healthcare REIT / Trilogy,2013,-2,THE OAKS AT NORTHPOINTE WOODS,MI,77,,67.45,53.33,37.33,0.491,0.991,2.365,3.846,0.1158,,facility_2013.xls,THE OAKS AT NORTHPOINTE WOODS,FOR PROFIT - CORPORATION,TRILOGY HEALTHCARE OF BATTLE CREEK LLC,77,76,N,1,1,4,2,2,2.08,0.98,0.52,1.5,3.58,0.08,4.0,2.29,0.9875,0.61,1.5975,3.895,0.08,2.4225,0.6535,1.2245,4.3,2.3225,1.2575,0.3725,3.6525,23.0,23.0,4.0,19.0,3.0,,,,,
235451,The Oaks at Battle Creek,MI,American Healthcare REIT / Trilogy,2014,-1,THE OAKS AT NORTHPOINTE WOODS,MI,77,,70.16,44.93,24.64,0.608,0.941,2.367,3.915,0.1327,0.1449,facility_2014.xls,THE OAKS AT NORTHPOINTE WOODS,For profit - Corporation,TRILOGY HEALTHCARE OF BATTLE CREEK LLC,77,75,N,2,1,5,4,3,2.36467,0.99067,0.64267,1.63333,3.99801,0.07933,4.0,2.36467,0.99067,0.64267,1.63333,3.99801,0.07933,2.39439,0.64143,1.23751,4.27333,2.42324,1.28192,0.38804,3.7712,2.0,2.0,2.0,0.0,1.0,,,,,
235451,The Oaks at Battle Creek,MI,American Healthcare REIT / Trilogy,2015,0,THE OAKS AT NORTHPOINTE WOODS,MI,77,,69.0,27.03,44.59,0.472,0.852,2.176,3.501,0.1484,0.1668,facility_2015.xls,THE OAKS AT NORTHPOINTE WOODS,For profit - Corporation,TRILOGY HEALTHCARE OF BATTLE CREEK LLC,77,74,N,3,2,5,3,3,2.17635,0.85203,0.71757,1.56959,3.74595,0.13581,4.0,2.2234299999999996,0.88669,0.698845,1.585525,3.808965,0.12168999999999999,2.444655,0.662355,1.307665,4.414675,2.233015,1.1131674999999999,0.39935,3.481095,13.0,13.0,4.0,9.0,4.0,,,,,
235451,The Oaks at Battle Creek,MI,American Healthcare REIT / Trilogy,2016,1,THE OAKS AT NORTHPOINTE WOODS,MI,77,,60.34,40.3,38.81,0.582,1.084,,,0.1238,,facility_2016.xls,THE OAKS AT NORTHPOINTE WOODS,For profit - Corporation,TRILOGY HEALTHCARE OF BATTLE CREEK LLC,77,74,N,3,2,5,3,3,2.17635,0.85203,0.71757,1.56959,3.74595,0.13581,4.0,2.05049,0.96818,0.9927400000000001,1.960915,4.01141,0.134695,2.4242850000000002,0.651385,1.233895,4.30957,2.07421,1.241795,0.62391,3.768485,6.0,6.0,0.0,6.0,1.0,,,,,
235451,The Oaks at Battle Creek,MI,American Healthcare REIT / Trilogy,2017,2,THE OAKS AT NORTHPOINTE WOODS,MI,77,42,61.68,57.81,25.0,0.365,1.029,1.991,3.385,0.1128,0.1433,facility_2017.xls,THE OAKS AT NORTHPOINTE WOODS,For profit - Corporation,TRILOGY HEALTHCARE OF BATTLE CREEK LLC,77,64,N,3,2,5,3,4,1.99141,1.02891,0.71641,1.74531,3.73673,0.11484,,,,,,,,,,,,,,,,39.0,31.0,20.0,35.0,5.0,8,,,0,0
235735,The Oaks at Jamestown,MI,American Healthcare REIT / Trilogy,2013,-2,,,,,,,,,,,,,,,,,,,,,,,,,,,,,,,,,,,,,,,,,,,,,,,,,,,,,,,,
235735,The Oaks at Jamestown,MI,American Healthcare REIT / Trilogy,2014,-1,,,,,,,,,,,,,,,,,,,,,,,,,,,,,,,,,,,,,,,,,,,,,,,,,,,,,,,,
235735,The Oaks at Jamestown,MI,American Healthcare REIT / Trilogy,2015,0,,,,,,,,,,,,,,,,,,,,,,,,,,,,,,,,,,,,,,,,,,,,,,,,,,,,,,,,
235735,The Oaks at Jamestown,MI,American Healthcare REIT / Trilogy,2016,1,,,,,,,,,,,,,,,,,,,,,,,,,,,,,,,,,,,,,,,,,,,,,,,,,,,,,,,,
235735,The Oaks at Jamestown,MI,American Healthcare REIT / Trilogy,2017,2,,,,,,,,,,,,,,,,,,,,,,,,,,,,,,,,,,,,,,,,,,,,,,,,,,,,,,,,
366365,WILLOWS AT BELLEVUE,OH,American Healthcare REIT / Trilogy,2013,-2,WILLOWS AT BELLEVUE,OH,60,,54.25,28.07,28.07,0.664,0.993,2.048,3.705,0.1667,0.1576,facility_2013.xls,WILLOWS AT BELLEVUE,FOR PROFIT - CORPORATION,"TRILOGY HEALTHCARE OF BELLEVUE, LLC",50,42,N,5,4,4,5,5,2.27,1.5,1.13,2.63,4.9,0.14,4.0,2.16,1.245,1.02,2.27,4.425000000000001,0.12000000000000001,2.3745,0.6535,1.1155,4.145,2.2350000000000003,1.58,0.685,4.305,4.0,4.0,0.0,4.0,2.0,,,,,
366365,WILLOWS AT BELLEVUE,OH,American Healthcare REIT / Trilogy,2014,-1,WILLOWS AT BELLEVUE,OH,60,,51.87,33.96,26.42,0.618,1.165,2.414,4.197,0.1615,0.164,facility_2014.xls,WILLOWS AT BELLEVUE,For profit - Corporation,"TRILOGY HEALTHCARE OF BELLEVUE, LLC",60,53,N,5,5,4,4,4,2.41415,1.16509,0.90849,2.07358,4.48773,0.1066,4.0,2.2312,1.079035,0.910825,1.9898600000000002,4.22106,0.104615,2.403495,0.6682575,1.1618475,4.233605,2.274465,1.33884,0.586695,4.015295,2.0,2.0,0.0,2.0,2.0,,,,,
366365,WILLOWS AT BELLEVUE,OH,American Healthcare REIT / Trilogy,2015,0,WILLOWS AT BELLEVUE,OH,60,,55.73,30.36,30.36,0.514,1.08,1.773,3.368,0.1675,0.1599,facility_2015.xls,WILLOWS AT BELLEVUE,For profit - Corporation,"TRILOGY HEALTHCARE OF BELLEVUE, LLC",60,53,N,5,5,2,4,4,2.41415,1.16509,0.90849,2.07358,4.48773,0.1066,4.0,2.41415,1.16509,0.90849,2.07358,4.48773,0.1066,2.50751,0.69988,1.2148,4.42219,2.36235,1.3817,0.5588,4.09064,6.0,6.0,0.0,6.0,2.0,,,,,
366365,WILLOWS AT BELLEVUE,OH,American Healthcare REIT / Trilogy,2016,1,WILLOWS AT BELLEVUE,OH,60,,54.07,33.33,25.93,0.613,1.182,1.865,3.66,0.1531,,facility_2016.xls,WILLOWS AT BELLEVUE,For profit - Corporation,"TRILOGY HEALTHCARE OF BELLEVUE, LLC",60,56,N,5,5,3,3,4,1.77321,1.08036,0.80893,1.88929,3.6625,0.10804,4.0,1.77321,1.08036,0.80893,1.88929,3.6625,0.10804,2.53496,0.65033,1.1267,4.31199,1.71637,1.37884,0.53646,3.42375,5.0,5.0,0.0,5.0,1.0,,,,,
366365,WILLOWS AT BELLEVUE,OH,American Healthcare REIT / Trilogy,2017,2,WILLOWS AT BELLEVUE,OH,60,47,56.67,35.09,29.82,0.735,0.94,1.674,3.349,0.2149,0.2034,facility_2017.xls,WILLOWS AT BELLEVUE,For profit - Corporation,"TRILOGY HEALTHCARE OF BELLEVUE, LLC",60,57,N,3,3,4,3,4,1.67368,0.94035,0.95965,1.9,3.57368,0.10439,,,,,,,,,,,,,,,,8.0,7.0,0.0,8.0,3.0,2,,,0,0
366474,VIOLET SPRINGS HEALTH CAMPUS,OH,American Healthcare REIT / Trilogy,2013,-2,,,,,,,,,,,,,,,,,,,,,,,,,,,,,,,,,,,,,,,,,,,,,,,,,,,,,,,,
366474,VIOLET SPRINGS HEALTH CAMPUS,OH,American Healthcare REIT / Trilogy,2014,-1,,,,,,,,,,,,,,,,,,,,,,,,,,,,,,,,,,,,,,,,,,,,,,,,,,,,,,,,
366474,VIOLET SPRINGS HEALTH CAMPUS,OH,American Healthcare REIT / Trilogy,2015,0,,,,,,,,,,,,,,,,,,,,,,,,,,,,,,,,,,,,,,,,,,,,,,,,,,,,,,,,
366474,VIOLET SPRINGS HEALTH CAMPUS,OH,American Healthcare REIT / Trilogy,2016,1,,,,,,,,,,,,,,,,,,,,,,,,,,,,,,,,,,,,,,,,,,,,,,,,,,,,,,,,
366474,VIOLET SPRINGS HEALTH CAMPUS,OH,American Healthcare REIT / Trilogy,2017,2,,,,,,,,,,,,,,,,,,,,,,,,,,,,,,,,,,,,,,,,,,,,,,,,,,,,,,,,
366492,NORWICH SPRINGS HEALTH CAMPUS,OH,American Healthcare REIT / Trilogy,2013,-2,,,,,,,,,,,,,,,,,,,,,,,,,,,,,,,,,,,,,,,,,,,,,,,,,,,,,,,,
366492,NORWICH SPRINGS HEALTH CAMPUS,OH,American Healthcare REIT / Trilogy,2014,-1,,,,,,,,,,,,,,,,,,,,,,,,,,,,,,,,,,,,,,,,,,,,,,,,,,,,,,,,
366492,NORWICH SPRINGS HEALTH CAMPUS,OH,American Healthcare REIT / Trilogy,2015,0,,,,,,,,,,,,,,,,,,,,,,,,,,,,,,,,,,,,,,,,,,,,,,,,,,,,,,,,
366492,NORWICH SPRINGS HEALTH CAMPUS,OH,American Healthcare REIT / Trilogy,2016,1,,,,,,,,,,,,,,,,,,,,,,,,,,,,,,,,,,,,,,,,,,,,,,,,,,,,,,,,
366492,NORWICH SPRINGS HEALTH CAMPUS,OH,American Healthcare REIT / Trilogy,2017,2,,,,,,,,,,,,,,,,,,,,,,,,,,,,,,,,,,,,,,,,,,,,,,,,,,,,,,,,
366498,LIBERTY STATION HEALTH CAMPUS,OH,American Healthcare REIT / Trilogy,2013,-2,,,,,,,,,,,,,,,,,,,,,,,,,,,,,,,,,,,,,,,,,,,,,,,,,,,,,,,,
366498,LIBERTY STATION HEALTH CAMPUS,OH,American Healthcare REIT / Trilogy,2014,-1,,,,,,,,,,,,,,,,,,,,,,,,,,,,,,,,,,,,,,,,,,,,,,,,,,,,,,,,
366498,LIBERTY STATION HEALTH CAMPUS,OH,American Healthcare REIT / Trilogy,2015,0,,,,,,,,,,,,,,,,,,,,,,,,,,,,,,,,,,,,,,,,,,,,,,,,,,,,,,,,
366498,LIBERTY STATION HEALTH CAMPUS,OH,American Healthcare REIT / Trilogy,2016,1,,,,,,,,,,,,,,,,,,,,,,,,,,,,,,,,,,,,,,,,,,,,,,,,,,,,,,,,
366498,LIBERTY STATION HEALTH CAMPUS,OH,American Healthcare REIT / Trilogy,2017,2,,,,,,,,,,,,,,,,,,,,,,,,,,,,,,,,,,,,,,,,,,,,,,,,,,,,,,,,
366499,WILLOWS AT BOWLING GREEN THE,OH,American Healthcare REIT / Trilogy,2013,-2,,,,,,,,,,,,,,,,,,,,,,,,,,,,,,,,,,,,,,,,,,,,,,,,,,,,,,,,
366499,WILLOWS AT BOWLING GREEN THE,OH,American Healthcare REIT / Trilogy,2014,-1,,,,,,,,,,,,,,,,,,,,,,,,,,,,,,,,,,,,,,,,,,,,,,,,,,,,,,,,
366499,WILLOWS AT BOWLING GREEN THE,OH,American Healthcare REIT / Trilogy,2015,0,,,,,,,,,,,,,,,,,,,,,,,,,,,,,,,,,,,,,,,,,,,,,,,,,,,,,,,,
366499,WILLOWS AT BOWLING GREEN THE,OH,American Healthcare REIT / Trilogy,2016,1,,,,,,,,,,,,,,,,,,,,,,,,,,,,,,,,,,,,,,,,,,,,,,,,,,,,,,,,
366499,WILLOWS AT BOWLING GREEN THE,OH,American Healthcare REIT / Trilogy,2017,2,,,,,,,,,,,,,,,,,,,,,,,,,,,,,,,,,,,,,,,,,,,,,,,,,,,,,,,,
