omega_landlord,facility_name_source,city_state_source,ccn_str,match_method,city_source,state,provider_name_latest,provider_state,year,event_time,ltcfocus_facility_name,ltcfocus_state,ltcfocus_total_beds,ltcfocus_residents,ltcfocus_avg_dailycensus,ltcfocus_medicaid_share,ltcfocus_medicare_share,ltcfocus_rn_hprd,ltcfocus_lpn_hprd,ltcfocus_cna_hprd,ltcfocus_directcare_hprd,pbj_source_files,pbj_days_observed,pbj_mean_census,pbj_total_rn_hours,pbj_total_nurse_hours,pbj_mean_rn_hprd,pbj_mean_nurse_hprd,cms_provider_name,cms_ownership_type,cms_legal_business_name,cms_chain_name,cms_overall_rating,cms_health_rating,cms_qm_rating,cms_staffing_rating,cms_rn_staffing_rating,cms_reported_total_nurse_hprd,cms_chow_last_12mos,cms_total_weighted_health_survey_score,cms_substantiated_complaints,deficiency_citations,deficiency_standard_citations,deficiency_complaint_citations,deficiency_infection_control_citations,deficiency_actual_harm_or_ij_citations,deficiency_unique_survey_dates,survey_summary_rows,survey_summary_total_health_deficiencies,survey_summary_total_fire_safety_deficiencies,survey_summary_infection_control_deficiencies
"FC Encore McComb, LLC",Courtyard Rehabilitation and Healthcare,"McComb, Mississippi",255145,exact_provider_name,McComb,MS,COURTYARD HEALTH AND REHABILITATION,MS,2017,-2,COURTYARD REHABILITATION AND HEALTHCARE,MS,145,118,126.81,76.12,11.19,0.328,0.969,1.95,3.248,4,365,126.38150846737804,13823.48,158186.78,0.3003781538813256,3.431561204897897,COURTYARD REHABILITATION AND HEALTHCARE,For profit - Corporation,MCCOMB HEALTHCARE LLC,,1.0,1.0,3.0,2.0,2.0,3.33283,N,74.500,3.0,7.0,7.0,0.0,,0.0,1.0,1.0,7.0,0.0,
"FC Encore McComb, LLC",Courtyard Rehabilitation and Healthcare,"McComb, Mississippi",255145,exact_provider_name,McComb,MS,COURTYARD HEALTH AND REHABILITATION,MS,2018,-1,COURTYARD REHABILITATION AND HEALTHCARE,MS,145,112,127.42,74.81,5.34,,,0.0,,4,365,128.86648086213305,18908.33,168188.43,0.4021559186750754,3.576268180369915,COURTYARD REHABILITATION AND HEALTHCARE,For profit - Corporation,MCCOMB HEALTHCARE LLC,,,,,,3.0,3.57669,N,45.600,1.0,12.0,8.0,4.0,,0.0,2.0,1.0,8.0,1.0,
"FC Encore McComb, LLC",Courtyard Rehabilitation and Healthcare,"McComb, Mississippi",255145,exact_provider_name,McComb,MS,COURTYARD HEALTH AND REHABILITATION,MS,2019,0,COURTYARD REHABILITATION AND HEALTHCARE,MS,145,120,127.59,72.22,8.73,,,,,4,365,127.75744478951,18731.82,161463.72,0.40160286668745,3.463747646127179,COURTYARD REHABILITATION AND HEALTHCARE,For profit - Corporation,MCCOMB HEALTHCARE LLC,,,,,,2.0,3.42908,N,50.667,3.0,1.0,0.0,1.0,,0.0,1.0,,,,
"FC Encore McComb, LLC",Courtyard Rehabilitation and Healthcare,"McComb, Mississippi",255145,exact_provider_name,McComb,MS,COURTYARD HEALTH AND REHABILITATION,MS,2020,1,COURTYARD REHABILITATION AND HEALTHCARE,MS,145,113,89.67,72.22,8.73,,,,,4,366,116.3968287147635,12625.75,146288.14,0.2964510654926267,3.4402390263618132,COURTYARD REHABILITATION AND HEALTHCARE,For profit - Limited Liability company,MCCOMB HEALTHCARE LLC,,1.0,1.0,1.0,2.0,2.0,3.37132,N,47.333,4.0,,,,,,,,,,
"FC Encore McComb, LLC",Courtyard Rehabilitation and Healthcare,"McComb, Mississippi",255145,exact_provider_name,McComb,MS,COURTYARD HEALTH AND REHABILITATION,MS,2021,2,COURTYARD REHABILITATION AND HEALTHCARE,MS,145,101,109.73,72.22,8.73,,,,,4,365,109.10807387057388,11284.43,129709.87,0.2831055562516875,3.2582084106483222,COURTYARD REHABILITATION AND HEALTHCARE,For profit - Limited Liability company,MCCOMB HEALTHCARE LLC,,1.0,2.0,2.0,1.0,1.0,3.16389,N,44.667,9.0,1.0,0.0,1.0,0.0,0.0,1.0,,,,
"FC Encore Natchez, LLC",Glenburney Health Care and Rehabilitation Center,"Natchez, Mississippi",255173,exact_provider_name,Natchez,MS,GRAND TRACE HEALTH AND REHABILITATION,MS,2017,-2,GLENBURNEY HEALTH CARE AND REHABILITATION CENTER,MS,96,72,80.44,75.32,16.88,0.446,0.705,2.787,3.938,4,365,79.8940170940171,14744.54,101487.95,0.5052559441289257,3.4830726701807184,GLENBURNEY HEALTH CARE AND REHABILITATION CENTER,For profit - Partnership,GLENBURNEY HEALTHCARE LLC,,2.0,1.0,4.0,4.0,4.0,4.25194,N,62.000,1.0,15.0,15.0,0.0,,0.0,1.0,1.0,15.0,0.0,
"FC Encore Natchez, LLC",Glenburney Health Care and Rehabilitation Center,"Natchez, Mississippi",255173,exact_provider_name,Natchez,MS,GRAND TRACE HEALTH AND REHABILITATION,MS,2018,-1,GLENBURNEY HEALTH CARE AND REHABILITATION CENTER,MS,,72,76.62,,,,,,,4,365,76.14165339491427,14822.53,95731.63,0.534219899864765,3.446344149906068,GLENBURNEY HEALTH CARE AND REHABILITATION CENTER,For profit - Partnership,GLENBURNEY HEALTHCARE LLC,,,,,,3.0,3.46313,N,68.000,3.0,2.0,0.0,2.0,,0.0,1.0,,,,
"FC Encore Natchez, LLC",Glenburney Health Care and Rehabilitation Center,"Natchez, Mississippi",255173,exact_provider_name,Natchez,MS,GRAND TRACE HEALTH AND REHABILITATION,MS,2019,0,GLENBURNEY HEALTH CARE AND REHABILITATION CENTER,MS,96,71,79.59,48.19,20.48,,,,,4,365,79.02748049052397,16335.71,101305.72,0.5671265111428603,3.516187064474361,GLENBURNEY HEALTH CARE AND REHABILITATION CENTER,For profit - Corporation,GLENBURNEY HEALTHCARE LLC,,,,,,3.0,3.64008,N,187.333,2.0,16.0,16.0,0.0,,4.0,1.0,1.0,16.0,1.0,
"FC Encore Natchez, LLC",Glenburney Health Care and Rehabilitation Center,"Natchez, Mississippi",255173,exact_provider_name,Natchez,MS,GRAND TRACE HEALTH AND REHABILITATION,MS,2020,1,GLENBURNEY HEALTH CARE AND REHABILITATION CENTER,MS,96,66,52.34,48.19,20.48,,,,,4,366,67.47599139990444,14887.69,79871.23,0.6031273706584395,3.234548593266781,GLENBURNEY HEALTH CARE AND REHABILITATION CENTER,For profit - Corporation,GLENBURNEY HEALTHCARE LLC,,1.0,1.0,3.0,3.0,3.0,3.3656,N,191.333,5.0,1.0,0.0,1.0,,0.0,1.0,,,,
"FC Encore Natchez, LLC",Glenburney Health Care and Rehabilitation Center,"Natchez, Mississippi",255173,exact_provider_name,Natchez,MS,GRAND TRACE HEALTH AND REHABILITATION,MS,2021,2,GLENBURNEY HEALTH CARE AND REHABILITATION CENTER,MS,96,57,57.6,77.78,20.37,,,,,4,365,57.41797393427828,10288.5,68159.8,0.4872091667632267,3.259984207996964,GLENBURNEY HEALTH CARE AND REHABILITATION CENTER,For profit - Corporation,GLENBURNEY HEALTHCARE LLC,,1.0,1.0,3.0,2.0,2.0,3.2915,N,189.333,4.0,1.0,0.0,1.0,0.0,0.0,1.0,,,,
"FC Encore Union, LLC",Hilltop Manor Health and Rehabilitation Center,"Union, Mississippi",255260,exact_provider_name,Union,MS,HILLTOP MANOR HEALTH AND REHABILITATION CENTER,MS,2017,-2,HILLTOP MANOR HEALTH AND REHABILITATION CENTER,MS,60,53,55.43,82.46,12.28,0.334,0.836,1.441,2.611,4,365,55.10022628337846,13569.31,63334.54,0.6746901729982122,3.1500565584084836,HILLTOP MANOR HEALTH AND REHABILITATION CENTER,For profit - Corporation,"HILLTOP MISSISSIPPI HEALTHCARE, LLC",,2.0,3.0,1.0,3.0,3.0,3.37982,N,18.000,0.0,2.0,2.0,0.0,,0.0,1.0,1.0,2.0,0.0,
"FC Encore Union, LLC",Hilltop Manor Health and Rehabilitation Center,"Union, Mississippi",255260,exact_provider_name,Union,MS,HILLTOP MANOR HEALTH AND REHABILITATION CENTER,MS,2018,-1,HILLTOP MANOR HEALTH AND REHABILITATION CENTER,MS,,51,56.02,,,,,,,4,365,55.833231804427456,15565.15,61683.43,0.7650890239875756,3.027448266287234,HILLTOP MANOR HEALTH AND REHABILITATION CENTER,For profit - Corporation,"HILLTOP MISSISSIPPI HEALTHCARE, LLC",,,,,,4.0,2.99781,N,17.600,0.0,,,,,,,,,,
"FC Encore Union, LLC",Hilltop Manor Health and Rehabilitation Center,"Union, Mississippi",255260,exact_provider_name,Union,MS,HILLTOP MANOR HEALTH AND REHABILITATION CENTER,MS,2019,0,HILLTOP MANOR HEALTH AND REHABILITATION CENTER,MS,60,53,56.38,81.13,13.21,,,,,4,365,56.033029410203326,18739.49,71049.51000000001,0.9162628903383048,3.476247597227759,HILLTOP MANOR HEALTH AND REHABILITATION CENTER,For profit - Corporation,"HILLTOP MISSISSIPPI HEALTHCARE, LLC",,,,,,4.0,3.52358,N,12.000,1.0,1.0,0.0,1.0,,0.0,1.0,1.0,0.0,0.0,
"FC Encore Union, LLC",Hilltop Manor Health and Rehabilitation Center,"Union, Mississippi",255260,exact_provider_name,Union,MS,HILLTOP MANOR HEALTH AND REHABILITATION CENTER,MS,2020,1,HILLTOP MANOR HEALTH AND REHABILITATION CENTER,MS,60,51,38.57,81.13,13.21,,,,,4,366,51.215032250358334,21732.72,67855.15,1.169949046476444,3.6431840160836826,HILLTOP MANOR HEALTH AND REHABILITATION CENTER,For profit - Corporation,"HILLTOP MISSISSIPPI HEALTHCARE, LLC",,3.0,4.0,1.0,4.0,5.0,3.49796,N,14.000,1.0,,,,,,,,,,
"FC Encore Union, LLC",Hilltop Manor Health and Rehabilitation Center,"Union, Mississippi",255260,exact_provider_name,Union,MS,HILLTOP MANOR HEALTH AND REHABILITATION CENTER,MS,2021,2,HILLTOP MANOR HEALTH AND REHABILITATION CENTER,MS,60,44,51.76,67.27,3.64,,,,,4,365,51.30155478579391,18688.67,64689.91,1.007267862259673,3.4661001404822835,HILLTOP MANOR HEALTH AND REHABILITATION CENTER,For profit - Corporation,"HILLTOP MISSISSIPPI HEALTHCARE, LLC",,3.0,4.0,1.0,4.0,5.0,3.61261,N,12.000,1.0,1.0,0.0,0.0,1.0,0.0,1.0,,,,
"FC Encore Starkville, LLC",Starkville Manor Health Care and Rehabilitation Center,"Starkville, Mississippi",255172,fuzzy_provider_name,Starkville,MS,STARKVILLE MANOR HEALTH CARE AND REHABILITATION CE,MS,2017,-2,STARKVILLE MANOR HEALTH CARE AND REHABILITATION CE,MS,119,97,108.15,65.42,16.82,0.372,0.578,1.578,2.527,4,365,108.05883168763604,22292.73,129722.62,0.5659918395956541,3.2929704525433676,STARKVILLE MANOR HEALTH CARE AND REHABILITATION CE,For profit - Individual,STARKVILLE MANOR HEALTHCARE LLC,,2.0,2.0,4.0,2.0,4.0,2.90093,N,32.667,2.0,4.0,2.0,2.0,,0.0,2.0,1.0,2.0,0.0,
"FC Encore Starkville, LLC",Starkville Manor Health Care and Rehabilitation Center,"Starkville, Mississippi",255172,fuzzy_provider_name,Starkville,MS,STARKVILLE MANOR HEALTH CARE AND REHABILITATION CE,MS,2018,-1,STARKVILLE MANOR HEALTH CARE AND REHABILITATION CE,MS,119,102,109.11,75.45,7.27,,,0.0,,4,365,108.87356598715294,20679.57,135579.6,0.5217224114108242,3.411403357294573,STARKVILLE MANOR HEALTH CARE AND REHABILITATION CE,For profit - Individual,STARKVILLE MANOR HEALTHCARE LLC,,,,,,3.0,3.32902,N,22.400,1.0,,,,,,,,,,
"FC Encore Starkville, LLC",Starkville Manor Health Care and Rehabilitation Center,"Starkville, Mississippi",255172,fuzzy_provider_name,Starkville,MS,STARKVILLE MANOR HEALTH CARE AND REHABILITATION CE,MS,2019,0,STARKVILLE MANOR HEALTH CARE AND REHABILITATION CE,MS,119,103,108.53,84.91,8.49,,,,,4,365,107.99908756702236,16948.27,132470.58,0.4302530955326135,3.3617368534498877,STARKVILLE MANOR HEALTH CARE AND REHABILITATION CE,For profit - Individual,STARKVILLE MANOR HEALTHCARE LLC,,,,,,2.0,3.40294,N,109.500,0.0,,,,,,,,,,
"FC Encore Starkville, LLC",Starkville Manor Health Care and Rehabilitation Center,"Starkville, Mississippi",255172,fuzzy_provider_name,Starkville,MS,STARKVILLE MANOR HEALTH CARE AND REHABILITATION CE,MS,2020,1,STARKVILLE MANOR HEALTH CARE AND REHABILITATION CE,MS,119,99,79.92,84.91,8.49,,,,,4,366,104.04506091734352,20710.61,120557.98,0.5469266216657138,3.174071785823266,STARKVILLE MANOR HEALTH CARE AND REHABILITATION CE,For profit - Individual,STARKVILLE MANOR HEALTHCARE LLC,,1.0,1.0,1.0,3.0,3.0,3.28659,N,89.000,3.0,,,,,,,,,,
"FC Encore Starkville, LLC",Starkville Manor Health Care and Rehabilitation Center,"Starkville, Mississippi",255172,fuzzy_provider_name,Starkville,MS,STARKVILLE MANOR HEALTH CARE AND REHABILITATION CE,MS,2021,2,STARKVILLE MANOR HEALTH CARE AND REHABILITATION CE,MS,119,104,108.72,84.91,8.49,,,,,4,365,109.27690781440782,16371.36,112997.08,0.4107703362497213,2.8358011222080473,STARKVILLE MANOR HEALTH CARE AND REHABILITATION CE,For profit - Individual,STARKVILLE MANOR HEALTHCARE LLC,,1.0,1.0,3.0,2.0,2.0,2.7522,N,87.667,3.0,,,,,,,,,,
"FC Encore Meridian, LLC",The Oaks Rehabilitation and Healthcare Center,"Meridian, Mississippi",255261,exact_provider_name,Meridian,MS,THE OAKS REHABILITATION AND HEALTHCARE CENTER,MS,2017,-2,THE OAKS REHABILITATION AND HEALTHCARE CENTER,MS,82,68,75.25,66.22,13.51,0.248,0.914,2.238,3.4,4,365,74.86998062324149,12076.59,94678.19,0.4418095416565959,3.4646365046201764,THE OAKS REHABILITATION AND HEALTHCARE CENTER,For profit - Corporation,"RILEY HEALTHCARE, LLC",,1.0,1.0,2.0,3.0,3.0,3.69122,N,40.667,5.0,2.0,2.0,0.0,,0.0,1.0,1.0,2.0,0.0,
"FC Encore Meridian, LLC",The Oaks Rehabilitation and Healthcare Center,"Meridian, Mississippi",255261,exact_provider_name,Meridian,MS,THE OAKS REHABILITATION AND HEALTHCARE CENTER,MS,2018,-1,THE OAKS REHABILITATION AND HEALTHCARE CENTER,MS,82,70,74.78,72.73,14.29,,,0.0,,4,365,74.67170462387854,13204.01,93302.82,0.4853128654996824,3.426500786954274,THE OAKS REHABILITATION AND HEALTHCARE CENTER,For profit - Corporation,"RILEY HEALTHCARE, LLC",,,,,,3.0,3.40026,N,44.000,2.0,5.0,4.0,1.0,,0.0,2.0,1.0,4.0,3.0,
"FC Encore Meridian, LLC",The Oaks Rehabilitation and Healthcare Center,"Meridian, Mississippi",255261,exact_provider_name,Meridian,MS,THE OAKS REHABILITATION AND HEALTHCARE CENTER,MS,2019,0,THE OAKS REHABILITATION AND HEALTHCARE CENTER,MS,82,66,75.41,80.77,11.54,,,,,4,365,75.16498513563731,14183.22,94069.62,0.5173090100342472,3.430391606899143,THE OAKS REHABILITATION AND HEALTHCARE CENTER,For profit - Corporation,"RILEY HEALTHCARE, LLC",,,,,,3.0,3.26448,N,38.000,2.0,10.0,10.0,0.0,,0.0,1.0,1.0,10.0,1.0,
"FC Encore Meridian, LLC",The Oaks Rehabilitation and Healthcare Center,"Meridian, Mississippi",255261,exact_provider_name,Meridian,MS,THE OAKS REHABILITATION AND HEALTHCARE CENTER,MS,2020,1,THE OAKS REHABILITATION AND HEALTHCARE CENTER,MS,82,74,49.93,80.77,11.54,,,,,4,366,66.59475035833731,13836.68,84290.29000000001,0.5715860806909776,3.4531843166846414,THE OAKS REHABILITATION AND HEALTHCARE CENTER,For profit - Corporation,"RILEY HEALTHCARE, LLC",,3.0,2.0,2.0,4.0,4.0,3.4417,N,37.333,2.0,,,,,,,,,,
"FC Encore Meridian, LLC",The Oaks Rehabilitation and Healthcare Center,"Meridian, Mississippi",255261,exact_provider_name,Meridian,MS,THE OAKS REHABILITATION AND HEALTHCARE CENTER,MS,2021,2,THE OAKS REHABILITATION AND HEALTHCARE CENTER,MS,82,64,65.61,80.77,11.54,,,,,4,365,65.21687967829273,7718.77,80299.05,0.3244410696422558,3.3769749093157633,THE OAKS REHABILITATION AND HEALTHCARE CENTER,For profit - Corporation,"RILEY HEALTHCARE, LLC",,1.0,1.0,1.0,2.0,2.0,3.49935,N,111.667,1.0,2.0,0.0,2.0,0.0,2.0,1.0,,,,
"FC Encore Winona, LLC",Winona Manor Health Care and Rehabilitation Center,"Winona, Mississippi",255171,exact_provider_name,Winona,MS,MIDDLETON OAKS HEALTH AND REHABILITATION,MS,2017,-2,WINONA MANOR HEALTH CARE AND REHABILITATION CENTER,MS,120,90,102.47,72.97,10.81,0.368,0.87,2.008,3.246,4,365,101.82125205712164,18347.38,132314.47,0.4917827116211702,3.5571150883140445,WINONA MANOR HEALTH CARE AND REHABILITATION CENTER,For profit - Individual,WINONA MANOR HEALTHCARE LLC,,2.0,2.0,4.0,3.0,3.0,3.49955,N,37.000,0.0,5.0,5.0,0.0,,0.0,1.0,1.0,5.0,0.0,
"FC Encore Winona, LLC",Winona Manor Health Care and Rehabilitation Center,"Winona, Mississippi",255171,exact_provider_name,Winona,MS,MIDDLETON OAKS HEALTH AND REHABILITATION,MS,2018,-1,WINONA MANOR HEALTH CARE AND REHABILITATION CENTER,MS,120,99,104.25,72.97,10.81,0.368,0.87,2.008,3.246,4,365,103.71295787545787,22805.050000000003,134928.09,0.6025124266604919,3.565487927553417,WINONA MANOR HEALTH CARE AND REHABILITATION CENTER,For profit - Individual,WINONA MANOR HEALTHCARE LLC,,,,,,4.0,3.55593,N,32.800,0.0,,,,,,,,,,
"FC Encore Winona, LLC",Winona Manor Health Care and Rehabilitation Center,"Winona, Mississippi",255171,exact_provider_name,Winona,MS,MIDDLETON OAKS HEALTH AND REHABILITATION,MS,2019,0,WINONA MANOR HEALTH CARE AND REHABILITATION CENTER,MS,120,100,104.83,82.47,7.22,,,,,4,365,104.5980231724797,24237.22,132121.44,0.6355399527961672,3.4630770579419328,WINONA MANOR HEALTH CARE AND REHABILITATION CENTER,For profit - Individual,WINONA MANOR HEALTHCARE LLC,,,,,,4.0,3.55842,N,30.667,0.0,1.0,0.0,1.0,,0.0,1.0,,,,
"FC Encore Winona, LLC",Winona Manor Health Care and Rehabilitation Center,"Winona, Mississippi",255171,exact_provider_name,Winona,MS,MIDDLETON OAKS HEALTH AND REHABILITATION,MS,2020,1,WINONA MANOR HEALTH CARE AND REHABILITATION CENTER,MS,120,90,72.18,82.47,7.22,,,,,4,366,89.58770305781175,16866.3,117746.38,0.519814242281741,3.6230575081005383,WINONA MANOR HEALTH CARE AND REHABILITATION CENTER,For profit - Individual,WINONA MANOR HEALTHCARE LLC,,1.0,2.0,1.0,2.0,2.0,3.38299,N,30.667,0.0,,,,,,,,,,
"FC Encore Winona, LLC",Winona Manor Health Care and Rehabilitation Center,"Winona, Mississippi",255171,exact_provider_name,Winona,MS,MIDDLETON OAKS HEALTH AND REHABILITATION,MS,2021,2,WINONA MANOR HEALTH CARE AND REHABILITATION CENTER,MS,120,64,76.13,57.33,20.0,,,,,4,365,75.5557121622339,19577.79,97517.93,0.7122109088643938,3.5427991420377114,WINONA MANOR HEALTH CARE AND REHABILITATION CENTER,For profit - Individual,WINONA MANOR HEALTHCARE LLC,,2.0,2.0,1.0,4.0,4.0,3.69007,N,37.333,6.0,,,,,,,,,,
CSE Woodfin LP,Emerald Ridge Rehabilitation and Care Center,"Asheville, North Carolina",345447,fuzzy_provider_name,Asheville,NC,Emerald Ridge Health and Rehabilitation,NC,2017,-2,EMERALD RIDGE REHAB AND CARE CENTER,NC,100,94,94.67,78.31,4.82,0.359,0.816,2.128,3.303,4,365,94.0901762488719,11491.76,111611.97,0.3359775414201976,3.2509578798931473,EMERALD RIDGE REHAB AND CARE CENTER,For profit - Corporation,"EMERALD RIDGE HEALTHCARE, LLC",,2.0,2.0,2.0,3.0,3.0,3.68434,N,34.000,3.0,4.0,4.0,0.0,,0.0,1.0,1.0,4.0,0.0,
CSE Woodfin LP,Emerald Ridge Rehabilitation and Care Center,"Asheville, North Carolina",345447,fuzzy_provider_name,Asheville,NC,Emerald Ridge Health and Rehabilitation,NC,2018,-1,EMERALD RIDGE REHAB AND CARE CENTER,NC,100,92,95.84,68.89,13.33,,,0.0,,4,365,95.40777990125817,15002.13,103716.58,0.4310033476000687,2.980069223325988,EMERALD RIDGE REHAB AND CARE CENTER,For profit - Corporation,"EMERALD RIDGE HEALTHCARE, LLC",,,,,,3.0,3.06989,N,40.000,1.0,4.0,4.0,0.0,,0.0,1.0,1.0,4.0,2.0,
CSE Woodfin LP,Emerald Ridge Rehabilitation and Care Center,"Asheville, North Carolina",345447,fuzzy_provider_name,Asheville,NC,Emerald Ridge Health and Rehabilitation,NC,2019,0,EMERALD RIDGE REHAB AND CARE CENTER,NC,100,86,94.22,64.95,8.25,,,,,4,365,93.66774300578648,15118.78,98673.11,0.4422826005910209,2.8865309910244106,EMERALD RIDGE REHAB AND CARE CENTER,For profit - Corporation,"EMERALD RIDGE HEALTHCARE, LLC",,,,,,2.0,2.92439,N,26.667,0.0,,,,,,,,,,
CSE Woodfin LP,Emerald Ridge Rehabilitation and Care Center,"Asheville, North Carolina",345447,fuzzy_provider_name,Asheville,NC,Emerald Ridge Health and Rehabilitation,NC,2020,1,EMERALD RIDGE REHAB AND CARE CENTER,NC,100,86,69.12,64.95,8.25,,,,,4,366,87.8507226469183,14036.83,103457.77,0.4389108828345998,3.243236119454988,EMERALD RIDGE REHAB AND CARE CENTER,For profit - Corporation,"EMERALD RIDGE HEALTHCARE, LLC",,4.0,4.0,4.0,2.0,2.0,3.06118,N,9.333,1.0,,,,,,,,,,
CSE Woodfin LP,Emerald Ridge Rehabilitation and Care Center,"Asheville, North Carolina",345447,fuzzy_provider_name,Asheville,NC,Emerald Ridge Health and Rehabilitation,NC,2021,2,EMERALD RIDGE REHAB AND CARE CENTER,NC,100,69,82.03,58.51,10.64,,,,,4,365,81.73990484153528,15828.13,95452.42,0.5304006176688802,3.2251820133881406,EMERALD RIDGE REHAB AND CARE CENTER,For profit - Corporation,"EMERALD RIDGE HEALTHCARE, LLC",,5.0,4.0,5.0,3.0,3.0,3.43826,N,9.333,1.0,,,,,,,,,,
"FC Encore Albemarle, LLC",Forrest Oakes Healthcare Center,"Albemarle, North Carolina",345442,exact_provider_name,Albemarle,NC,Forrest Oakes Healthcare,NC,2017,-2,FORREST OAKES HEALTHCARE CENTER,NC,60,49,56.74,64.91,19.3,0.25,0.867,1.894,3.011,4,365,56.278952991453,7708.0,69588.16,0.375062358144364,3.391400863921156,FORREST OAKES HEALTHCARE CENTER,For profit - Corporation,"FORREST OAKES HEALTHCARE, LLC",,1.0,2.0,2.0,1.0,2.0,3.36755,N,38.000,3.0,5.0,5.0,0.0,,1.0,1.0,1.0,5.0,0.0,
"FC Encore Albemarle, LLC",Forrest Oakes Healthcare Center,"Albemarle, North Carolina",345442,exact_provider_name,Albemarle,NC,Forrest Oakes Healthcare,NC,2018,-1,FORREST OAKES HEALTHCARE CENTER,NC,60,52,54.68,75.0,16.07,,,0.0,,4,365,54.13651789032224,8164.219999999999,65925.9,0.4133491378375428,3.338469013759323,FORREST OAKES HEALTHCARE CENTER,For profit - Corporation,"FORREST OAKES HEALTHCARE, LLC",,,,,,2.0,3.40773,N,36.800,6.0,9.0,6.0,4.0,,0.0,2.0,1.0,6.0,7.0,
"FC Encore Albemarle, LLC",Forrest Oakes Healthcare Center,"Albemarle, North Carolina",345442,exact_provider_name,Albemarle,NC,Forrest Oakes Healthcare,NC,2019,0,FORREST OAKES HEALTHCARE CENTER,NC,60,48,53.46,70.0,18.0,,,,,4,365,53.163626771778944,8272.49,63835.7,0.4281543461090479,3.2992827354412584,FORREST OAKES HEALTHCARE CENTER,For profit - Corporation,"FORREST OAKES HEALTHCARE, LLC",,,,,,2.0,3.21001,N,36.667,3.0,,,,,,,,,,
"FC Encore Albemarle, LLC",Forrest Oakes Healthcare Center,"Albemarle, North Carolina",345442,exact_provider_name,Albemarle,NC,Forrest Oakes Healthcare,NC,2020,1,FORREST OAKES HEALTHCARE CENTER,NC,60,51,37.79,70.0,18.0,,,,,4,366,46.597676779742,7646.18,52676.59,0.4700239685281444,3.1851702913776045,FORREST OAKES HEALTHCARE CENTER,For profit - Corporation,"FORREST OAKES HEALTHCARE, LLC",,3.0,3.0,2.0,2.0,2.0,2.77848,N,26.667,3.0,,,,,,,,,,
"FC Encore Albemarle, LLC",Forrest Oakes Healthcare Center,"Albemarle, North Carolina",345442,exact_provider_name,Albemarle,NC,Forrest Oakes Healthcare,NC,2021,2,FORREST OAKES HEALTHCARE CENTER,NC,60,44,49.45,75.68,8.11,,,,,4,365,49.702526941657375,8802.26,54840.74,0.4844860307975079,3.0568518051825553,FORREST OAKES HEALTHCARE CENTER,For profit - Corporation,"FORREST OAKES HEALTHCARE, LLC",,2.0,2.0,3.0,2.0,2.0,2.99525,N,60.000,4.0,11.0,10.0,3.0,0.0,1.0,2.0,1.0,10.0,2.0,0.0
CSE Lenoir LP,Gateway Rehabilitation and Healthcare,"Lenoir, North Carolina",345329,exact_provider_name,Lenoir,NC,Hibriten Mountain Nursing and Rehabilitation,NC,2017,-2,GATEWAY REHABILITATION AND HEALTHCARE,NC,100,94,90.93,67.39,10.87,0.222,0.793,1.982,2.997,4,365,90.30911636672506,12057.42,104795.67,0.365990843427449,3.1827777582137955,GATEWAY REHABILITATION AND HEALTHCARE,For profit - Corporation,"GATEWAY HEALTHCARE, LLC",,2.0,2.0,5.0,1.0,2.0,3.2924,N,38.667,3.0,4.0,4.0,0.0,,0.0,1.0,1.0,4.0,0.0,
CSE Lenoir LP,Gateway Rehabilitation and Healthcare,"Lenoir, North Carolina",345329,exact_provider_name,Lenoir,NC,Hibriten Mountain Nursing and Rehabilitation,NC,2018,-1,GATEWAY REHABILITATION AND HEALTHCARE,NC,100,81,86.93,73.81,8.33,,,0.0,,4,365,86.65706256304082,9847.7,101228.65,0.3116758245513614,3.203384629418009,GATEWAY REHABILITATION AND HEALTHCARE,For profit - Corporation,"GATEWAY HEALTHCARE, LLC",,,,,,2.0,3.14273,N,44.000,4.0,6.0,5.0,1.0,,0.0,2.0,1.0,5.0,4.0,
CSE Lenoir LP,Gateway Rehabilitation and Healthcare,"Lenoir, North Carolina",345329,exact_provider_name,Lenoir,NC,Hibriten Mountain Nursing and Rehabilitation,NC,2019,0,GATEWAY REHABILITATION AND HEALTHCARE,NC,100,78,89.92,67.82,11.49,,,,,4,365,89.3748188405797,14306.57,103090.01,0.4387074760852122,3.163885663421185,GATEWAY REHABILITATION AND HEALTHCARE,For profit - Corporation,"GATEWAY HEALTHCARE, LLC",,,,,,2.0,3.33443,N,32.000,1.0,8.0,8.0,0.0,,0.0,1.0,1.0,8.0,4.0,
CSE Lenoir LP,Gateway Rehabilitation and Healthcare,"Lenoir, North Carolina",345329,exact_provider_name,Lenoir,NC,Hibriten Mountain Nursing and Rehabilitation,NC,2020,1,GATEWAY REHABILITATION AND HEALTHCARE,NC,100,86,66.95,69.89,9.68,,,,,4,366,86.97527472527472,14493.61,103116.78,0.4567323884919296,3.2469623503964224,GATEWAY REHABILITATION AND HEALTHCARE,For profit - Corporation,"GATEWAY HEALTHCARE, LLC",,2.0,2.0,2.0,2.0,2.0,3.02629,N,43.333,1.0,8.0,8.0,0.0,,0.0,1.0,1.0,8.0,5.0,
CSE Lenoir LP,Gateway Rehabilitation and Healthcare,"Lenoir, North Carolina",345329,exact_provider_name,Lenoir,NC,Hibriten Mountain Nursing and Rehabilitation,NC,2021,2,GATEWAY REHABILITATION AND HEALTHCARE,NC,100,69,81.59,62.5,8.33,,,,,4,365,81.27954623878537,14355.95,84370.29000000001,0.4879049521455547,2.8705685786095385,GATEWAY REHABILITATION AND HEALTHCARE,For profit - Corporation,"GATEWAY HEALTHCARE, LLC",,1.0,1.0,3.0,2.0,2.0,3.36349,N,104.000,0.0,4.0,0.0,4.0,0.0,2.0,1.0,,,,
"FC Encore Rutherfordton, LLC",Oak Grove Healthcare Center,"Rutherfordton, North Carolina",345464,fuzzy_provider_name,Rutherfordton,NC,Oak Grove Healthcare,NC,2017,-2,OAK GROVE HEALTH CARE CENTER,NC,60,50,57.76,56.6,33.96,0.142,1.183,2.015,3.34,4,365,57.04477822901736,7399.8,75423.64,0.3557939833659106,3.629317628647651,OAK GROVE HEALTH CARE CENTER,For profit - Corporation,OAK GROVE HEALTHCARE LLC,,3.0,3.0,4.0,2.0,2.0,4.13208,N,20.000,2.0,5.0,0.0,5.0,,0.0,1.0,,,,
"FC Encore Rutherfordton, LLC",Oak Grove Healthcare Center,"Rutherfordton, North Carolina",345464,fuzzy_provider_name,Rutherfordton,NC,Oak Grove Healthcare,NC,2018,-1,OAK GROVE HEALTH CARE CENTER,NC,60,52,55.71,47.27,27.27,0.102,1.091,2.452,3.645,4,365,54.84121542708499,6767.12,75857.48999999999,0.3375059725834998,3.793908073220769,OAK GROVE HEALTH CARE CENTER,For profit - Corporation,OAK GROVE HEALTHCARE LLC,,,,,,1.0,3.92877,N,19.200,2.0,4.0,4.0,0.0,,0.0,1.0,1.0,4.0,9.0,
"FC Encore Rutherfordton, LLC",Oak Grove Healthcare Center,"Rutherfordton, North Carolina",345464,fuzzy_provider_name,Rutherfordton,NC,Oak Grove Healthcare,NC,2019,0,OAK GROVE HEALTH CARE CENTER,NC,60,49,56.03,54.72,24.53,,,,,4,365,55.2301905823645,10005.86,69737.09999999999,0.4982152550703759,3.4683312184127404,OAK GROVE HEALTH CARE CENTER,For profit - Corporation,OAK GROVE HEALTHCARE LLC,,,,,,2.0,3.50161,N,21.333,3.0,6.0,6.0,1.0,,0.0,1.0,1.0,6.0,3.0,
"FC Encore Rutherfordton, LLC",Oak Grove Healthcare Center,"Rutherfordton, North Carolina",345464,fuzzy_provider_name,Rutherfordton,NC,Oak Grove Healthcare,NC,2020,1,OAK GROVE HEALTH CARE CENTER,NC,60,53,42.94,56.1,21.95,,,,,4,366,51.50259794553273,6797.62,66672.28,0.3820002347678989,3.597744761742476,OAK GROVE HEALTH CARE CENTER,For profit - Corporation,OAK GROVE HEALTHCARE LLC,,3.0,3.0,4.0,2.0,2.0,3.43511,N,18.667,1.0,,,,,,,,,,
"FC Encore Rutherfordton, LLC",Oak Grove Healthcare Center,"Rutherfordton, North Carolina",345464,fuzzy_provider_name,Rutherfordton,NC,Oak Grove Healthcare,NC,2021,2,OAK GROVE HEALTH CARE CENTER,NC,60,43,47.33,56.1,21.95,,,,,4,365,47.35170143865796,7485.58,61659.39,0.4396074189550697,3.5920571325635833,OAK GROVE HEALTH CARE CENTER,For profit - Limited Liability company,OAK GROVE HEALTHCARE LLC,,5.0,4.0,5.0,2.0,2.0,3.48968,N,10.667,1.0,,,,,,,,,,
CSE Arden LP,The Oaks at Sweeten Creek,"Arden, North Carolina",345477,exact_provider_name,Arden,NC,Biltmore Haven Nursing and Rehabilitation,NC,2017,-2,THE OAKS AT SWEETEN CREEK,NC,100,89,89.15,63.33,5.56,0.344,0.785,1.698,2.828,4,365,88.67685870892393,15771.080000000002,83645.83,0.488745305921369,2.5846644460471793,THE OAKS AT SWEETEN CREEK,For profit - Corporation,"OAKS AT SWEETEN CREEK HEALTHCARE, LLC",,1.0,1.0,4.0,2.0,4.0,3.47321,N,129.667,10.0,3.0,0.0,3.0,,3.0,1.0,,,,
CSE Arden LP,The Oaks at Sweeten Creek,"Arden, North Carolina",345477,exact_provider_name,Arden,NC,Biltmore Haven Nursing and Rehabilitation,NC,2018,-1,THE OAKS AT SWEETEN CREEK,NC,100,78,86.04,63.33,5.56,0.344,0.785,1.698,2.828,4,365,85.78614561766736,20807.82,94749.96,0.6656456085808867,3.031696312786026,THE OAKS AT SWEETEN CREEK,For profit - Corporation,OAKS AT SWEETEN CREEK HEALTHCARE,,,,,,4.0,3.20627,N,142.400,7.0,,,,,,,,,,
CSE Arden LP,The Oaks at Sweeten Creek,"Arden, North Carolina",345477,exact_provider_name,Arden,NC,Biltmore Haven Nursing and Rehabilitation,NC,2019,0,THE OAKS AT SWEETEN CREEK,NC,100,83,84.54,72.84,4.94,,,,,4,365,84.1093054891968,26621.68,95563.86,0.8677482325136797,3.1172687271614072,THE OAKS AT SWEETEN CREEK,For profit - Corporation,OAKS AT SWEETEN CREEK HEALTHCARE,,,,,,4.0,3.0872,N,101.500,6.0,1.0,0.0,1.0,,0.0,1.0,,,,
CSE Arden LP,The Oaks at Sweeten Creek,"Arden, North Carolina",345477,exact_provider_name,Arden,NC,Biltmore Haven Nursing and Rehabilitation,NC,2020,1,THE OAKS AT SWEETEN CREEK,NC,100,79,61.47,81.93,1.2,,,,,4,366,79.59451146679407,27243.05,90911.86,0.9401356531439328,3.1301335521094575,THE OAKS AT SWEETEN CREEK,For profit - Corporation,OAKS AT SWEETEN CREEK HEALTHCARE,,2.0,1.0,5.0,3.0,4.0,2.9959,N,96.333,5.0,8.0,7.0,1.0,,1.0,2.0,1.0,7.0,5.0,
CSE Arden LP,The Oaks at Sweeten Creek,"Arden, North Carolina",345477,exact_provider_name,Arden,NC,Biltmore Haven Nursing and Rehabilitation,NC,2021,2,THE OAKS AT SWEETEN CREEK,NC,100,66,73.4,72.84,4.94,,,,,4,365,73.47501194457716,24883.61,82887.54,0.9373160765392214,3.1091214454788503,THE OAKS AT SWEETEN CREEK,For profit - Corporation,OAKS AT SWEETEN CREEK HEALTHCARE,,3.0,2.0,5.0,3.0,4.0,3.3488,N,68.333,3.0,,,,,,,,,,
"FC Encore Kannapolis, LLC",Transitional Health Services of Kannapolis,"Kannapolis, North Carolina",345258,exact_provider_name,Kannapolis,NC,Kannapolis Health and Rehabilitation,NC,2017,-2,TRANSITIONAL HEALTH SERVICES OF KANNAPOLIS,NC,107,87,93.95,71.28,9.57,0.262,0.675,0.129,1.066,4,365,93.77621635610764,10871.34,116399.2,0.3181958817249544,3.4048427974753626,TRANSITIONAL HEALTH SERVICES OF KANNAPOLIS,For profit - Corporation,"KANNAPOLIS HEALTHCARE, LLC",,1.0,1.0,2.0,,,,N,193.167,36.0,19.0,11.0,8.0,,7.0,3.0,1.0,11.0,0.0,
"FC Encore Kannapolis, LLC",Transitional Health Services of Kannapolis,"Kannapolis, North Carolina",345258,exact_provider_name,Kannapolis,NC,Kannapolis Health and Rehabilitation,NC,2018,-1,TRANSITIONAL HEALTH SERVICES OF KANNAPOLIS,NC,107,81,91.73,87.06,5.88,,,0.0,,4,365,91.31762555077772,11596.47,103995.21,0.3478889304641105,3.126399197386731,TRANSITIONAL HEALTH SERVICES OF KANNAPOLIS,For profit - Corporation,"KANNAPOLIS HEALTHCARE, LLC",,,,,,2.0,3.12926,N,216.600,25.0,6.0,3.0,3.0,,0.0,3.0,1.0,3.0,11.0,
"FC Encore Kannapolis, LLC",Transitional Health Services of Kannapolis,"Kannapolis, North Carolina",345258,exact_provider_name,Kannapolis,NC,Kannapolis Health and Rehabilitation,NC,2019,0,TRANSITIONAL HEALTH SERVICES OF KANNAPOLIS,NC,107,89,93.62,69.23,16.48,,,,,4,365,92.72880899293943,10156.52,103894.23,0.3005645533350652,3.078419745116335,TRANSITIONAL HEALTH SERVICES OF KANNAPOLIS,For profit - Corporation,"KANNAPOLIS HEALTHCARE, LLC",,,,,,1.0,3.07386,N,96.833,14.0,17.0,14.0,8.0,,0.0,1.0,1.0,14.0,4.0,
"FC Encore Kannapolis, LLC",Transitional Health Services of Kannapolis,"Kannapolis, North Carolina",345258,exact_provider_name,Kannapolis,NC,Kannapolis Health and Rehabilitation,NC,2020,1,TRANSITIONAL HEALTH SERVICES OF KANNAPOLIS,NC,107,95,69.03,69.23,16.48,,,,,4,366,83.97076564739609,9510.1,95102.67,0.3130446783182918,3.123400105982004,TRANSITIONAL HEALTH SERVICES OF KANNAPOLIS,For profit - Corporation,"KANNAPOLIS HEALTHCARE, LLC",,1.0,1.0,4.0,,,2.97262,N,68.667,8.0,1.0,0.0,1.0,,1.0,1.0,,,,
"FC Encore Kannapolis, LLC",Transitional Health Services of Kannapolis,"Kannapolis, North Carolina",345258,exact_provider_name,Kannapolis,NC,Kannapolis Health and Rehabilitation,NC,2021,2,TRANSITIONAL HEALTH SERVICES OF KANNAPOLIS,NC,107,60,74.86,33.33,30.56,,,,,4,365,74.34904576100229,11299.74,75924.08,0.4280765363043574,2.868354619121891,TRANSITIONAL HEALTH SERVICES OF KANNAPOLIS,For profit - Corporation,"KANNAPOLIS HEALTHCARE, LLC",,2.0,2.0,3.0,2.0,2.0,3.07294,N,58.000,8.0,,,,,,,,,,
"FC Encore Andrews, LLC",Valley View Care and Rehabilitation Center,"Andrews, North Carolina",345426,fuzzy_provider_name,Andrews,NC,Valley View Care and Rehabilitation,NC,2017,-2,VALLEY VIEW CARE & REHAB CENTER,NC,76,56,64.54,73.13,8.96,0.587,0.508,1.269,2.364,4,365,63.99874648298561,17715.72,63276.67,0.7598924941658339,2.7205114073956485,VALLEY VIEW CARE & REHAB CENTER,For profit - Corporation,"VALLEY VIEW HEALTHCARE, LLC",,2.0,1.0,5.0,2.0,4.0,2.70523,N,77.333,17.0,14.0,7.0,9.0,,0.0,4.0,1.0,7.0,0.0,
"FC Encore Andrews, LLC",Valley View Care and Rehabilitation Center,"Andrews, North Carolina",345426,fuzzy_provider_name,Andrews,NC,Valley View Care and Rehabilitation,NC,2018,-1,VALLEY VIEW CARE & REHAB CENTER,NC,76,53,60.09,79.66,13.56,,,0.0,,4,365,59.63641967935446,15597.88,62060.31,0.7181249646793909,2.8503077374658012,VALLEY VIEW CARE & REHAB CENTER,For profit - Corporation,"VALLEY VIEW HEALTHCARE, LLC",,,,,,4.0,2.9992,N,109.200,17.0,,,,,,,1.0,0.0,8.0,
"FC Encore Andrews, LLC",Valley View Care and Rehabilitation Center,"Andrews, North Carolina",345426,fuzzy_provider_name,Andrews,NC,Valley View Care and Rehabilitation,NC,2019,0,VALLEY VIEW CARE & REHAB CENTER,NC,76,50,54.78,65.45,14.55,,,,,4,365,54.41281055900621,16776.989999999998,60192.03,0.8468269945620999,3.036340923845957,VALLEY VIEW CARE & REHAB CENTER,For profit - Corporation,"VALLEY VIEW HEALTHCARE, LLC",,,,,,4.0,3.01186,N,25.000,10.0,2.0,2.0,0.0,,0.0,1.0,1.0,2.0,2.0,
"FC Encore Andrews, LLC",Valley View Care and Rehabilitation Center,"Andrews, North Carolina",345426,fuzzy_provider_name,Andrews,NC,Valley View Care and Rehabilitation,NC,2020,1,VALLEY VIEW CARE & REHAB CENTER,NC,76,48,36.99,65.45,14.55,,,,,4,366,43.99005613951266,18565.34,58828.6,1.193090280349357,3.7700744586262656,VALLEY VIEW CARE & REHAB CENTER,For profit - Corporation,"VALLEY VIEW HEALTHCARE, LLC",,4.0,3.0,3.0,5.0,5.0,3.6787,N,20.000,0.0,,,,,,,,,,
"FC Encore Andrews, LLC",Valley View Care and Rehabilitation Center,"Andrews, North Carolina",345426,fuzzy_provider_name,Andrews,NC,Valley View Care and Rehabilitation,NC,2021,2,VALLEY VIEW CARE & REHAB CENTER,NC,76,38,45.85,77.08,10.42,,,,,4,365,45.4721950151298,17266.89,53028.45,1.069461705429241,3.2404432353832826,VALLEY VIEW CARE & REHAB CENTER,For profit - Corporation,"VALLEY VIEW HEALTHCARE, LLC",,4.0,4.0,4.0,4.0,5.0,3.27864,N,16.000,0.0,,,,,,,,,,
CSE Walnut Cove LP,Walnut Cove Health and Rehabilitation Center,"Walnut Cove, North Carolina",345089,exact_provider_name,Walnut Cove,NC,Walnut Cove Health and Rehabilitation,NC,2017,-2,WALNUT COVE HEALTH AND REHABILITATION CENTER,NC,90,69,75.21,63.51,13.51,0.297,0.855,2.174,3.326,4,365,74.71142896958114,13182.77,85397.62,0.4846417122201735,3.138126324204382,WALNUT COVE HEALTH AND REHABILITATION CENTER,For profit - Corporation,"WALNUT COVE HEALTHCARE, LLC",,1.0,3.0,1.0,1.0,1.0,3.2811,N,18.667,0.0,,,,,,,,,,
CSE Walnut Cove LP,Walnut Cove Health and Rehabilitation Center,"Walnut Cove, North Carolina",345089,exact_provider_name,Walnut Cove,NC,Walnut Cove Health and Rehabilitation,NC,2018,-1,WALNUT COVE HEALTH AND REHABILITATION CENTER,NC,90,67,79.29,64.94,9.09,,,0.0,,4,365,78.56712852365027,10334.98,88217.54,0.3611146436170997,3.081337593568479,WALNUT COVE HEALTH AND REHABILITATION CENTER,For profit - Corporation,"WALNUT COVE HEALTHCARE, LLC",,,,,,2.0,2.89074,N,27.200,0.0,,,,,,,,,,
CSE Walnut Cove LP,Walnut Cove Health and Rehabilitation Center,"Walnut Cove, North Carolina",345089,exact_provider_name,Walnut Cove,NC,Walnut Cove Health and Rehabilitation,NC,2019,0,WALNUT COVE HEALTH AND REHABILITATION CENTER,NC,90,73,79.2,62.2,8.54,,,,,4,365,78.48869910282954,10337.51,88440.4,0.3603701921348368,3.091306095939717,WALNUT COVE HEALTH AND REHABILITATION CENTER,For profit - Corporation,"WALNUT COVE HEALTHCARE, LLC",,,,,,2.0,3.05572,N,83.833,5.0,1.0,0.0,1.0,,0.0,1.0,,,,
CSE Walnut Cove LP,Walnut Cove Health and Rehabilitation Center,"Walnut Cove, North Carolina",345089,exact_provider_name,Walnut Cove,NC,Walnut Cove Health and Rehabilitation,NC,2020,1,WALNUT COVE HEALTH AND REHABILITATION CENTER,NC,90,74,59.07,62.2,8.54,,,,,4,366,78.90832537028189,12627.84,92754.82,0.4376264460730292,3.217754675803614,WALNUT COVE HEALTH AND REHABILITATION CENTER,For profit - Corporation,"WALNUT COVE HEALTHCARE, LLC",,2.0,2.0,2.0,2.0,2.0,3.42718,N,63.000,5.0,,,,,,,,,,
CSE Walnut Cove LP,Walnut Cove Health and Rehabilitation Center,"Walnut Cove, North Carolina",345089,exact_provider_name,Walnut Cove,NC,Walnut Cove Health and Rehabilitation,NC,2021,2,WALNUT COVE HEALTH AND REHABILITATION CENTER,NC,90,67,78.21,66.27,15.66,,,,,4,365,77.62690383288209,12900.74,91155.51,0.4563355888998519,3.2246260535262605,WALNUT COVE HEALTH AND REHABILITATION CENTER,For profit - Corporation,"WALNUT COVE HEALTHCARE, LLC",,2.0,2.0,3.0,2.0,2.0,3.26116,N,67.667,2.0,1.0,0.0,0.0,1.0,0.0,1.0,,,,
CSE Knightdale LP,Wellington Rehabilitation and Healthcare,"Knightdale, North Carolina",345436,exact_provider_name,Knightdale,NC,Wellington Rehabilitation and Healthcare,NC,2017,-2,WELLINGTON REHABILITATION AND HEALTHCARE,NC,80,72,74.55,65.75,8.22,0.312,0.873,2.372,3.556,4,365,74.19417834580878,11168.81,90926.69,0.4130370903636188,3.361627466357052,WELLINGTON REHABILITATION AND HEALTHCARE,For profit - Corporation,"WELLINGTON HEALTHCARE, LLC",,2.0,2.0,4.0,3.0,2.0,4.22353,N,30.667,6.0,,,,,,,,,,
CSE Knightdale LP,Wellington Rehabilitation and Healthcare,"Knightdale, North Carolina",345436,exact_provider_name,Knightdale,NC,Wellington Rehabilitation and Healthcare,NC,2018,-1,WELLINGTON REHABILITATION AND HEALTHCARE,NC,80,67,75.72,67.12,6.85,,,0.0,,4,365,75.21079856134205,11111.86,91083.23,0.405856656604812,3.3203418869985457,WELLINGTON REHABILITATION AND HEALTHCARE,For profit - Corporation,"WELLINGTON HEALTHCARE, LLC",,,,,,3.0,3.35173,N,17.600,1.0,2.0,2.0,0.0,,0.0,1.0,1.0,2.0,7.0,
CSE Knightdale LP,Wellington Rehabilitation and Healthcare,"Knightdale, North Carolina",345436,exact_provider_name,Knightdale,NC,Wellington Rehabilitation and Healthcare,NC,2019,0,WELLINGTON REHABILITATION AND HEALTHCARE,NC,80,65,72.7,47.37,17.11,,,,,4,365,71.80083612040133,10483.44,91464.88,0.3999516227426444,3.493464573478068,WELLINGTON REHABILITATION AND HEALTHCARE,For profit - Corporation,"WELLINGTON HEALTHCARE, LLC",,,,,,2.0,3.52514,N,18.000,2.0,1.0,0.0,1.0,,0.0,1.0,,,,
CSE Knightdale LP,Wellington Rehabilitation and Healthcare,"Knightdale, North Carolina",345436,exact_provider_name,Knightdale,NC,Wellington Rehabilitation and Healthcare,NC,2020,1,WELLINGTON REHABILITATION AND HEALTHCARE,NC,80,61,42.8,47.37,17.11,,,,,4,366,53.69953416149068,11655.19,81196.33,0.6262701594160828,4.234561577129084,WELLINGTON REHABILITATION AND HEALTHCARE,For profit - Corporation,"WELLINGTON HEALTHCARE, LLC",,4.0,3.0,3.0,4.0,3.0,4.75032,N,26.667,1.0,,,,,,,,,,
CSE Knightdale LP,Wellington Rehabilitation and Healthcare,"Knightdale, North Carolina",345436,exact_provider_name,Knightdale,NC,Wellington Rehabilitation and Healthcare,NC,2021,2,WELLINGTON REHABILITATION AND HEALTHCARE,NC,80,43,59.38,64.18,10.45,,,,,4,365,58.83389141052184,11418.28,77688.97,0.5455016315615322,3.652316867595561,WELLINGTON REHABILITATION AND HEALTHCARE,For profit - Corporation,"WELLINGTON HEALTHCARE, LLC",,3.0,3.0,4.0,3.0,3.0,3.57585,N,25.333,1.0,,,,,,,,,,
"FC Encore Archdale, LLC",Westwood Health and Rehabilitation Center,"Archdale, North Carolina",345450,fuzzy_provider_name,Archdale,NC,Westwood Health and Rehabilitation,NC,2017,-2,WESTWOOD HEALTH AND REHABILITA,NC,68,52,60.47,78.33,6.67,0.134,1.197,1.956,3.287,4,365,59.893043610978395,8157.91,71730.02,0.3741076442860229,3.2880926016900176,WESTWOOD HEALTH AND REHABILITA,For profit - Individual,"WESTWOOD HEALTHCARE, LLC",,1.0,1.0,2.0,1.0,1.0,3.47667,N,68.667,26.0,9.0,9.0,7.0,,0.0,1.0,1.0,9.0,0.0,
"FC Encore Archdale, LLC",Westwood Health and Rehabilitation Center,"Archdale, North Carolina",345450,fuzzy_provider_name,Archdale,NC,Westwood Health and Rehabilitation,NC,2018,-1,WESTWOOD HEALTH AND REHABILITA,NC,68,53,59.53,67.74,16.13,0.101,1.225,2.052,3.378,4,365,59.38288740245262,12813.93,68662.95999999999,0.5910408005307068,3.1735687441203595,WESTWOOD HEALTH AND REHABILITA,For profit - Corporation,"WESTWOOD HEALTHCARE, LLC",,,,,,3.0,3.26529,N,69.600,18.0,6.0,6.0,0.0,,0.0,1.0,1.0,6.0,5.0,
"FC Encore Archdale, LLC",Westwood Health and Rehabilitation Center,"Archdale, North Carolina",345450,fuzzy_provider_name,Archdale,NC,Westwood Health and Rehabilitation,NC,2019,0,WESTWOOD HEALTH AND REHABILITA,NC,68,54,57.97,70.49,1.64,,,,,4,365,57.51939401178531,10187.56,69096.08,0.4852808518698714,3.2980900825882085,WESTWOOD HEALTH AND REHABILITA,For profit - Corporation,"WESTWOOD HEALTHCARE, LLC",,,,,,2.0,3.40764,N,308.333,10.0,20.0,20.0,4.0,,7.0,1.0,1.0,20.0,13.0,
"FC Encore Archdale, LLC",Westwood Health and Rehabilitation Center,"Archdale, North Carolina",345450,fuzzy_provider_name,Archdale,NC,Westwood Health and Rehabilitation,NC,2020,1,WESTWOOD HEALTH AND REHABILITA,NC,68,54,42.07,66.1,8.47,,,,,4,366,52.42979574773053,9505.58,59679.100000000006,0.5071142782037735,3.111008904405016,WESTWOOD HEALTH AND REHABILITA,For profit - Corporation,"WESTWOOD HEALTHCARE, LLC",,1.0,1.0,3.0,2.0,2.0,3.24995,N,235.333,10.0,10.0,10.0,0.0,,0.0,1.0,1.0,10.0,13.0,
"FC Encore Archdale, LLC",Westwood Health and Rehabilitation Center,"Archdale, North Carolina",345450,fuzzy_provider_name,Archdale,NC,Westwood Health and Rehabilitation,NC,2021,2,WESTWOOD HEALTH AND REHABILITATION,NC,68,43,47.37,56.25,16.67,,,,,4,365,47.19461498646281,10543.28,51559.83,0.6147630632524848,3.0149041049596135,WESTWOOD HEALTH AND REHABILITATION,For profit - Corporation,"WESTWOOD HEALTHCARE, LLC",,1.0,1.0,3.0,3.0,3.0,3.2678,N,235.333,10.0,,,,,,,,,,
"FC Encore Yadkinville, LLC",Willowbrook Rehabilitation and Care Center,"Yadkinville, North Carolina",345466,exact_provider_name,Yadkinville,NC,Willowbrook Rehabilitation and Care,NC,2017,-2,WILLOWBROOK REHABILITATION AND CARE CENTER,NC,76,62,66.41,79.41,7.35,0.304,0.961,2.151,3.416,4,365,66.15912233901363,10853.65,79754.01999999999,0.4495648631896196,3.306693457395217,WILLOWBROOK REHABILITATION AND CARE CENTER,For profit - Partnership,"WILLOWBROOK HEALTHCARE, LLC",,4.0,4.0,5.0,1.0,1.0,3.88095,N,14.000,3.0,,,,,,,,,,
"FC Encore Yadkinville, LLC",Willowbrook Rehabilitation and Care Center,"Yadkinville, North Carolina",345466,exact_provider_name,Yadkinville,NC,Willowbrook Rehabilitation and Care,NC,2018,-1,WILLOWBROOK REHABILITATION AND CARE CENTER,NC,76,62,68.62,79.41,7.35,0.304,0.961,2.151,3.416,4,365,68.1837971810798,11028.25,76631.01999999999,0.4434784950041181,3.086946604794446,WILLOWBROOK REHABILITATION AND CARE CENTER,For profit - Partnership,"WILLOWBROOK HEALTHCARE, LLC",,,,,,2.0,3.02245,N,7.200,0.0,3.0,3.0,0.0,,0.0,1.0,1.0,3.0,9.0,
"FC Encore Yadkinville, LLC",Willowbrook Rehabilitation and Care Center,"Yadkinville, North Carolina",345466,exact_provider_name,Yadkinville,NC,Willowbrook Rehabilitation and Care,NC,2019,0,WILLOWBROOK REHABILITATION AND CARE CENTER,NC,76,65,69.33,72.97,12.16,,,,,4,365,68.85293239369327,12551.93,75394.52,0.5001939196777074,3.0050133176939706,WILLOWBROOK REHABILITATION AND CARE CENTER,For profit - Partnership,"WILLOWBROOK HEALTHCARE, LLC",,,,,,2.0,3.10443,N,12.667,1.0,4.0,4.0,1.0,,0.0,1.0,1.0,4.0,3.0,
"FC Encore Yadkinville, LLC",Willowbrook Rehabilitation and Care Center,"Yadkinville, North Carolina",345466,exact_provider_name,Yadkinville,NC,Willowbrook Rehabilitation and Care,NC,2020,1,WILLOWBROOK REHABILITATION AND CARE CENTER,NC,76,64,49.8,69.12,1.47,,,,,4,366,65.73375537505973,14571.72,75972.17,0.6063927345155493,3.1612199540485655,WILLOWBROOK REHABILITATION AND CARE CENTER,For profit - Partnership,"WILLOWBROOK HEALTHCARE, LLC",,4.0,4.0,2.0,3.0,3.0,3.18063,N,14.667,1.0,4.0,4.0,0.0,,0.0,1.0,1.0,4.0,2.0,
"FC Encore Yadkinville, LLC",Willowbrook Rehabilitation and Care Center,"Yadkinville, North Carolina",345466,exact_provider_name,Yadkinville,NC,Willowbrook Rehabilitation and Care,NC,2021,2,WILLOWBROOK REHABILITATION AND CARE CENTER,NC,76,57,62.21,61.02,11.86,,,,,4,365,61.82483343950736,11817.21,74971.69,0.5248199091450405,3.3275853164570073,WILLOWBROOK REHABILITATION AND CARE CENTER,For profit - Partnership,"WILLOWBROOK HEALTHCARE, LLC",,3.0,3.0,4.0,2.0,2.0,3.25937,N,18.667,1.0,,,,,,,,,,
"FC Encore Charlotte, LLC",Wilora Lake Healthcare Center,"Charlotte, North Carolina",345473,exact_provider_name,Charlotte,NC,Wilora Lake Healthcare,NC,2017,-2,WILORA LAKE HEALTHCARE CENTER,NC,70,61,63.83,56.06,16.67,0.151,0.895,2.356,3.402,4,365,63.33289934702978,11920.13,76847.48000000001,0.5159245730885256,3.3285175626081314,WILORA LAKE HEALTHCARE CENTER,For profit - Corporation,"WILORA LAKE HEALTHCARE, LLC",,1.0,1.0,3.0,2.0,2.0,3.83409,N,68.833,17.0,8.0,8.0,2.0,,1.0,1.0,1.0,8.0,0.0,
"FC Encore Charlotte, LLC",Wilora Lake Healthcare Center,"Charlotte, North Carolina",345473,exact_provider_name,Charlotte,NC,Wilora Lake Healthcare,NC,2018,-1,WILORA LAKE HEALTHCARE CENTER,NC,70,55,64.11,61.19,13.43,,,0.0,,4,365,63.57553750597229,14326.41,70868.65,0.6161773418742896,3.0597716564883606,WILORA LAKE HEALTHCARE CENTER,For profit - Corporation,"WILORA LAKE HEALTHCARE, LLC",,,,,,4.0,2.84463,N,46.800,18.0,9.0,9.0,4.0,,0.0,2.0,2.0,9.0,8.0,
"FC Encore Charlotte, LLC",Wilora Lake Healthcare Center,"Charlotte, North Carolina",345473,exact_provider_name,Charlotte,NC,Wilora Lake Healthcare,NC,2019,0,WILORA LAKE HEALTHCARE CENTER,NC,70,53,64.45,60.61,18.18,,,,,4,365,64.68101210383819,11274.85,78349.04,0.4789097522718551,3.32508732065362,WILORA LAKE HEALTHCARE CENTER,For profit - Corporation,"WILORA LAKE HEALTHCARE, LLC",,,,,,2.0,3.13196,N,63.167,12.0,,,,,,,,,,
"FC Encore Charlotte, LLC",Wilora Lake Healthcare Center,"Charlotte, North Carolina",345473,exact_provider_name,Charlotte,NC,Wilora Lake Healthcare,NC,2020,1,WILORA LAKE HEALTHCARE CENTER,NC,70,62,43.81,60.61,18.18,,,,,4,366,59.53416149068323,11921.77,71461.76,0.5552649038553938,3.3225244029863203,WILORA LAKE HEALTHCARE CENTER,For profit - Corporation,"WILORA LAKE HEALTHCARE, LLC",,3.0,2.0,5.0,2.0,2.0,2.87222,N,43.667,10.0,,,,,,,,,,
"FC Encore Charlotte, LLC",Wilora Lake Healthcare Center,"Charlotte, North Carolina",345473,exact_provider_name,Charlotte,NC,Wilora Lake Healthcare,NC,2021,2,WILORA LAKE HEALTHCARE CENTER,NC,70,44,53.18,74.51,5.88,,,,,4,365,52.71492740351436,8213.31,65178.51,0.4368381988734591,3.4318951358995116,WILORA LAKE HEALTHCARE CENTER,For profit - Corporation,"WILORA LAKE HEALTHCARE, LLC",,2.0,2.0,4.0,2.0,2.0,3.37481,N,49.167,12.0,8.0,7.0,4.0,0.0,1.0,2.0,1.0,7.0,2.0,1.0
Mifflin Re Owner LLC,Locust Grove Retirement Village,"Mifflin, Pennsylvania",395350,exact_provider_name,Mifflin,PA,LOCUST GROVE RETIREMENT VILLAGE,PA,2017,-2,LOCUST GROVE RETIREMENT VILLAGE,PA,104,80,92.85,67.03,5.49,0.36,1.869,1.877,4.106,4,365,92.12596153846154,15960.04,103632.64,0.4767457036328537,3.0861731518508444,LOCUST GROVE RETIREMENT VILLAGE,For profit - Corporation,"LOCUST GROVE FACILITY OPERATIONS, LLC",,5.0,3.0,5.0,4.0,3.0,4.63296,N,43.333,1.0,6.0,5.0,1.0,,0.0,2.0,1.0,5.0,0.0,
Mifflin Re Owner LLC,Locust Grove Retirement Village,"Mifflin, Pennsylvania",395350,exact_provider_name,Mifflin,PA,LOCUST GROVE RETIREMENT VILLAGE,PA,2018,-1,LOCUST GROVE RETIREMENT VILLAGE,PA,104,76,91.93,74.7,2.41,0.364,0.992,2.121,3.477,4,365,91.12875988745554,14693.74,107245.15,0.4430299501709482,3.2265708098636736,LOCUST GROVE RETIREMENT VILLAGE,For profit - Corporation,"LOCUST GROVE FACILITY OPERATIONS, LLC",,,,,,3.0,3.24213,N,50.400,3.0,7.0,5.0,2.0,,0.0,3.0,1.0,5.0,4.0,
Mifflin Re Owner LLC,Locust Grove Retirement Village,"Mifflin, Pennsylvania",395350,exact_provider_name,Mifflin,PA,LOCUST GROVE RETIREMENT VILLAGE,PA,2019,0,LOCUST GROVE RETIREMENT VILLAGE,PA,104,86,92.73,73.63,4.4,,,,,4,365,92.80044261294262,15220.12,109592.08,0.4493527074815946,3.237969440191234,LOCUST GROVE RETIREMENT VILLAGE,For profit - Corporation,"LOCUST GROVE FACILITY OPERATIONS, LLC",,,,,,2.0,3.29075,N,46.667,3.0,12.0,11.0,2.0,,0.0,2.0,1.0,11.0,2.0,
Mifflin Re Owner LLC,Locust Grove Retirement Village,"Mifflin, Pennsylvania",395350,exact_provider_name,Mifflin,PA,LOCUST GROVE RETIREMENT VILLAGE,PA,2020,1,LOCUST GROVE RETIREMENT VILLAGE,PA,104,88,72.72,61.46,10.42,,,,,4,366,91.83782250358335,15479.72,110682.78,0.4627150891115326,3.3040790502129136,LOCUST GROVE RETIREMENT VILLAGE,For profit - Corporation,"LOCUST GROVE FACILITY OPERATIONS, LLC",,3.0,3.0,4.0,2.0,2.0,3.36093,N,40.000,4.0,4.0,4.0,0.0,,0.0,1.0,1.0,4.0,8.0,
Mifflin Re Owner LLC,Locust Grove Retirement Village,"Mifflin, Pennsylvania",395350,exact_provider_name,Mifflin,PA,LOCUST GROVE RETIREMENT VILLAGE,PA,2021,2,LOCUST GROVE RETIREMENT VILLAGE,PA,104,58,71.74,55.56,11.11,,,,,4,365,71.28606266921484,13525.34,90129.1,0.5372412042219127,3.5503253065412492,LOCUST GROVE RETIREMENT VILLAGE,For profit - Corporation,"LOCUST GROVE FACILITY OPERATIONS, LLC",,4.0,3.0,5.0,2.0,2.0,3.36847,N,43.333,1.0,9.0,9.0,0.0,0.0,0.0,1.0,1.0,9.0,5.0,0.0
Everett Re Owner LLC,Pennknoll Village,"Everett, Pennsylvania",395422,exact_provider_name,Everett,PA,PENNKNOLL VILLAGE,PA,2017,-2,PENNKNOLL VILLAGE,PA,133,119,123.4,75.63,9.24,0.471,0.831,2.103,3.405,4,365,122.30492713807932,25785.89,152911.66,0.5782955522412694,3.4282794745983325,PENNKNOLL VILLAGE,For profit - Corporation,"PENNKNOLL VILLAGE FACILITY OPERATIONS, LLC",,1.0,1.0,2.0,3.0,3.0,3.69327,N,109.833,18.0,10.0,10.0,0.0,,1.0,1.0,1.0,10.0,0.0,
Everett Re Owner LLC,Pennknoll Village,"Everett, Pennsylvania",395422,exact_provider_name,Everett,PA,PENNKNOLL VILLAGE,PA,2018,-1,PENNKNOLL VILLAGE,PA,133,104,124.12,76.19,6.35,,,0.0,,4,365,123.30789602909168,22488.81,145164.22999999998,0.5009668333629302,3.2274510666769984,PENNKNOLL VILLAGE,For profit - Corporation,"PENNKNOLL VILLAGE FACILITY OPERATIONS, LLC",,,,,,3.0,3.2187,N,100.000,17.0,22.0,17.0,5.0,,0.0,2.0,1.0,17.0,4.0,
Everett Re Owner LLC,Pennknoll Village,"Everett, Pennsylvania",395422,exact_provider_name,Everett,PA,PENNKNOLL VILLAGE,PA,2019,0,PENNKNOLL VILLAGE,PA,133,113,122.59,77.69,4.13,,,,,4,365,121.6259011519881,22804.63,146169.21,0.514165760828529,3.2941231484596756,PENNKNOLL VILLAGE,For profit - Corporation,"PENNKNOLL VILLAGE FACILITY OPERATIONS, LLC",,,,,,2.0,3.3488,N,99.333,6.0,21.0,17.0,4.0,,1.0,2.0,1.0,17.0,11.0,
Everett Re Owner LLC,Pennknoll Village,"Everett, Pennsylvania",395422,exact_provider_name,Everett,PA,PENNKNOLL VILLAGE,PA,2020,1,PENNKNOLL VILLAGE,PA,133,118,95.03,64.15,10.38,,,,,4,366,119.3513795986622,25479.61,144615.13,0.5835050253300476,3.334538115269514,PENNKNOLL VILLAGE,For profit - Corporation,"PENNKNOLL VILLAGE FACILITY OPERATIONS, LLC",,1.0,1.0,3.0,3.0,3.0,3.33202,N,102.000,5.0,,,,,,,,,,
Everett Re Owner LLC,Pennknoll Village,"Everett, Pennsylvania",395422,exact_provider_name,Everett,PA,PENNKNOLL VILLAGE,PA,2021,2,PENNKNOLL VILLAGE,PA,133,87,101.85,64.15,10.38,,,,,4,365,101.8455586080586,21133.72,124558.39,0.5693490419582081,3.3636519998960717,PENNKNOLL VILLAGE,For profit - Corporation,"PENNKNOLL VILLAGE FACILITY OPERATIONS, LLC",,1.0,1.0,4.0,2.0,2.0,3.32533,N,81.333,4.0,10.0,10.0,0.0,0.0,0.0,1.0,1.0,10.0,8.0,1.0
Everett Re Owner LLC,The Manor at Penn Village,"Everett, Pennsylvania",395172,fuzzy_provider_name,Everett,PA,"MANOR AT PENN VILLAGE, THE",PA,2017,-2,"MANOR AT PENN VILLAGE, THE",PA,159,140,146.25,73.05,6.38,0.243,0.729,2.087,3.06,4,365,145.17764174231564,20109.29,174856.76,0.3802884681323922,3.3022810328640215,"MANOR AT PENN VILLAGE, THE",For profit - Partnership,"PENN VILLAGE FACILITY OPERATIONS, LLC",,1.0,2.0,4.0,1.0,1.0,3.26205,N,60.667,8.0,9.0,9.0,0.0,,0.0,1.0,1.0,9.0,0.0,
Everett Re Owner LLC,The Manor at Penn Village,"Everett, Pennsylvania",395172,fuzzy_provider_name,Everett,PA,"MANOR AT PENN VILLAGE, THE",PA,2018,-1,"MANOR AT PENN VILLAGE, THE",PA,159,129,145.95,74.31,6.25,,,0.0,,4,365,144.71018739714393,19597.49,173332.56,0.3711448748883953,3.282889998000578,"MANOR AT PENN VILLAGE, THE",For profit - Corporation,"PENN VILLAGE FACILITY OPERATIONS, LLC",,,,,,2.0,3.28783,N,90.000,10.0,10.0,7.0,3.0,,0.0,4.0,1.0,7.0,11.0,
Everett Re Owner LLC,The Manor at Penn Village,"Everett, Pennsylvania",395172,fuzzy_provider_name,Everett,PA,"MANOR AT PENN VILLAGE, THE",PA,2019,0,"MANOR AT PENN VILLAGE, THE",PA,159,123,140.1,68.57,9.29,,,,,4,365,140.06310784626,19361.02,165575.81,0.3787070596394952,3.2398694891227517,"MANOR AT PENN VILLAGE, THE",For profit - Corporation,"PENN VILLAGE FACILITY OPERATIONS, LLC",,,,,,2.0,3.26202,N,84.333,4.0,17.0,15.0,2.0,,0.0,2.0,1.0,15.0,8.0,
Everett Re Owner LLC,The Manor at Penn Village,"Everett, Pennsylvania",395172,fuzzy_provider_name,Everett,PA,"MANOR AT PENN VILLAGE, THE",PA,2020,1,"MANOR AT PENN VILLAGE, THE",PA,159,136,103.4,68.75,10.71,,,,,4,366,129.0785355948399,22160.7,155438.33,0.479400690710508,3.3209401669814036,"MANOR AT PENN VILLAGE, THE",For profit - Corporation,"PENN VILLAGE FACILITY OPERATIONS, LLC",,2.0,2.0,4.0,2.0,2.0,3.1292,N,83.000,5.0,,,,,,,,,,
Everett Re Owner LLC,The Manor at Penn Village,"Everett, Pennsylvania",395172,fuzzy_provider_name,Everett,PA,"MANOR AT PENN VILLAGE, THE",PA,2021,2,"MANOR AT PENN VILLAGE, THE",PA,159,118,117.45,68.75,10.71,,,,,4,365,117.07218041620216,22743.0,139220.11,0.5330067267774541,3.260169287458061,"MANOR AT PENN VILLAGE, THE",For profit - Corporation,"PENN VILLAGE FACILITY OPERATIONS, LLC",,3.0,2.0,5.0,2.0,2.0,3.19227,N,71.333,4.0,10.0,10.0,0.0,0.0,1.0,1.0,1.0,10.0,5.0,0.0
Hazleton Re Owner LLC,The Manor at St. Luke Village,"Hazleton, Pennsylvania",395636,fuzzy_provider_name,Hazleton,PA,"MANOR AT ST LUKE VILLAGE,THE",PA,2017,-2,"MANOR AT ST LUKE VILLAGE,THE",PA,104,89,96.46,77.0,10.0,0.251,0.948,1.96,3.159,4,365,95.9357176036524,14977.16,117177.83,0.4283582754237733,3.349942163279833,"MANOR AT ST LUKE VILLAGE,THE",For profit - Corporation,"MANOR AT ST. LUKE VILLAGE FACILITY OPERATIONS, LLC",,1.0,1.0,4.0,1.0,2.0,3.4325,N,106.667,5.0,23.0,19.0,4.0,,0.0,2.0,1.0,19.0,0.0,
Hazleton Re Owner LLC,The Manor at St. Luke Village,"Hazleton, Pennsylvania",395636,fuzzy_provider_name,Hazleton,PA,"MANOR AT ST LUKE VILLAGE,THE",PA,2018,-1,"MANOR AT ST LUKE VILLAGE,THE",PA,104,90,94.38,73.12,11.83,0.253,0.992,1.985,3.23,4,365,94.00175651643043,15909.68,115821.61,0.4633898550477588,3.3765786939643174,"MANOR AT ST LUKE VILLAGE,THE",For profit - Corporation,"MANOR AT ST. LUKE VILLAGE FACILITY OPERATIONS, LLC",,,,,,2.0,3.35383,N,108.800,10.0,13.0,10.0,6.0,,1.0,2.0,1.0,10.0,4.0,
Hazleton Re Owner LLC,The Manor at St. Luke Village,"Hazleton, Pennsylvania",395636,fuzzy_provider_name,Hazleton,PA,"MANOR AT ST LUKE VILLAGE,THE",PA,2019,0,"MANOR AT ST LUKE VILLAGE,THE",PA,104,91,93.58,75.0,11.36,,,,,4,365,93.30140083346603,17445.04,120840.28,0.5131881493891665,3.552568728931467,"MANOR AT ST LUKE VILLAGE,THE",For profit - Corporation,"MANOR AT ST. LUKE VILLAGE FACILITY OPERATIONS, LLC",,,,,,2.0,3.66107,N,122.667,15.0,19.0,18.0,4.0,,0.0,2.0,1.0,18.0,8.0,
Hazleton Re Owner LLC,The Manor at St. Luke Village,"Hazleton, Pennsylvania",395636,fuzzy_provider_name,Hazleton,PA,"MANOR AT ST LUKE VILLAGE,THE",PA,2020,1,"MANOR AT ST LUKE VILLAGE,THE",PA,104,92,68.02,74.74,15.79,,,,,4,366,92.8537087912088,15900.29,110328.9,0.4680962829337315,3.24706605020138,"MANOR AT ST LUKE VILLAGE,THE",For profit - Corporation,"MANOR AT ST. LUKE VILLAGE FACILITY OPERATIONS, LLC",,1.0,1.0,4.0,2.0,2.0,3.35412,N,116.000,11.0,,,,,,,,,,
Hazleton Re Owner LLC,The Manor at St. Luke Village,"Hazleton, Pennsylvania",395636,fuzzy_provider_name,Hazleton,PA,"MANOR AT ST LUKE VILLAGE,THE",PA,2021,2,"MANOR AT ST LUKE VILLAGE,THE",PA,104,82,82.49,67.06,18.82,,,,,4,365,82.3895226150661,15610.76,100470.9,0.5213474672924621,3.3475970757560267,"MANOR AT ST LUKE VILLAGE,THE",For profit - Corporation,"MANOR AT ST. LUKE VILLAGE FACILITY OPERATIONS, LLC",,3.0,2.0,5.0,3.0,3.0,3.26198,N,49.333,6.0,9.0,7.0,0.0,2.0,0.0,2.0,1.0,7.0,3.0,0.0
Hazleton Re Owner LLC,The Pavilion at St. Luke Village,"Hazleton, Pennsylvania",395265,fuzzy_provider_name,Hazleton,PA,"PAVILION AT ST LUKE VILLAGE, THE",PA,2017,-2,"PAVILION AT ST LUKE VILLAGE, THE",PA,120,102,108.52,68.18,20.91,0.311,0.712,2.067,3.09,4,365,107.58704345171736,20452.96,127085.86,0.5217718987513577,3.2426680309108264,"PAVILION AT ST LUKE VILLAGE, THE",For profit - Corporation,"PAVILION AT ST. LUKE VILLAGE FACILITY OPERATIONS, LLC",,1.0,1.0,4.0,1.0,2.0,3.35682,N,92.667,8.0,15.0,15.0,3.0,,0.0,1.0,1.0,15.0,0.0,
Hazleton Re Owner LLC,The Pavilion at St. Luke Village,"Hazleton, Pennsylvania",395265,fuzzy_provider_name,Hazleton,PA,"PAVILION AT ST LUKE VILLAGE, THE",PA,2018,-1,"PAVILION AT ST LUKE VILLAGE, THE",PA,120,92,101.7,68.18,20.91,0.311,0.712,2.067,3.09,4,365,100.70928160004247,19917.34,120909.96,0.5446719834021411,3.293281938737575,"PAVILION AT ST LUKE VILLAGE, THE",For profit - Corporation,"PAVILION AT ST. LUKE VILLAGE FACILITY OPERATIONS, LLC",,,,,,3.0,3.41073,N,96.000,11.0,3.0,0.0,3.0,,0.0,3.0,,,,
Hazleton Re Owner LLC,The Pavilion at St. Luke Village,"Hazleton, Pennsylvania",395265,fuzzy_provider_name,Hazleton,PA,"PAVILION AT ST LUKE VILLAGE, THE",PA,2019,0,"PAVILION AT ST LUKE VILLAGE, THE",PA,120,99,102.95,75.76,16.16,,,,,4,365,102.91153514360036,18051.87,117886.82,0.4825907767197637,3.1433124638930408,"PAVILION AT ST LUKE VILLAGE, THE",For profit - Corporation,"PAVILION AT ST. LUKE VILLAGE FACILITY OPERATIONS, LLC",,,,,,2.0,3.09902,N,124.000,17.0,3.0,0.0,3.0,,0.0,2.0,,,,
Hazleton Re Owner LLC,The Pavilion at St. Luke Village,"Hazleton, Pennsylvania",395265,fuzzy_provider_name,Hazleton,PA,"PAVILION AT ST LUKE VILLAGE, THE",PA,2020,1,"PAVILION AT ST LUKE VILLAGE, THE",PA,120,94,70.75,66.23,20.78,,,,,4,366,91.48494983277592,17199.010000000002,103655.14,0.5165399470407402,3.096950486340625,"PAVILION AT ST LUKE VILLAGE, THE",For profit - Corporation,"PAVILION AT ST. LUKE VILLAGE FACILITY OPERATIONS, LLC",,1.0,1.0,3.0,2.0,2.0,3.06845,N,96.667,15.0,,,,,,,,,,
Hazleton Re Owner LLC,The Pavilion at St. Luke Village,"Hazleton, Pennsylvania",395265,fuzzy_provider_name,Hazleton,PA,"PAVILION AT ST LUKE VILLAGE, THE",PA,2021,2,"PAVILION AT ST LUKE VILLAGE, THE",PA,120,81,85.53,66.23,20.78,,,,,4,365,85.28739648033127,16248.4,93785.51,0.5243032915544579,3.0152027109777872,"PAVILION AT ST LUKE VILLAGE, THE",For profit - Corporation,"PAVILION AT ST. LUKE VILLAGE FACILITY OPERATIONS, LLC",,2.0,2.0,4.0,2.0,2.0,2.93909,N,63.333,6.0,6.0,6.0,0.0,0.0,0.0,1.0,1.0,6.0,4.0,0.0
"OHI Asset (VA) Ashland, LLC",Ashland Nursing and Rehabilitation Center,"Ashland, Virginia",495362,fuzzy_provider_name,Ashland,VA,ASHLAND NURSING AND REHABILITATION,VA,2017,-2,ASHLAND NURSING AND REHABILITATION,VA,190,158,172.5,68.05,2.96,0.051,0.841,1.996,2.888,4,365,172.4494226787705,9166.31,197623.6,0.1460962520227827,3.1421598161544395,ASHLAND NURSING AND REHABILITATION,For profit - Corporation,"ASHLAND FACILITY OPERATIONS, LLC",,1.0,1.0,2.0,2.0,1.0,3.70525,N,221.333,37.0,8.0,0.0,8.0,,0.0,2.0,,,,
"OHI Asset (VA) Ashland, LLC",Ashland Nursing and Rehabilitation Center,"Ashland, Virginia",495362,fuzzy_provider_name,Ashland,VA,ASHLAND NURSING AND REHABILITATION,VA,2018,-1,ASHLAND NURSING AND REHABILITATION,VA,190,169,170.33,68.05,2.96,0.051,0.841,1.996,2.888,4,365,169.78798375537508,15689.35,194611.48,0.2536192620368462,3.143693205529688,ASHLAND NURSING AND REHABILITATION,For profit - Corporation,"ASHLAND FACILITY OPERATIONS, LLC",,,,,,1.0,3.29352,N,240.000,41.0,27.0,0.0,27.0,,2.0,2.0,,,,
"OHI Asset (VA) Ashland, LLC",Ashland Nursing and Rehabilitation Center,"Ashland, Virginia",495362,fuzzy_provider_name,Ashland,VA,ASHLAND NURSING AND REHABILITATION,VA,2019,0,ASHLAND NURSING AND REHABILITATION,VA,190,149,167.07,62.66,2.53,,,,,4,365,167.6781115623507,21203.28,190160.99,0.3465273135828516,3.108473374480433,ASHLAND NURSING AND REHABILITATION,For profit - Corporation,"ASHLAND FACILITY OPERATIONS, LLC",,,,,,2.0,3.14232,N,283.833,28.0,7.0,0.0,7.0,,1.0,2.0,,,,
"OHI Asset (VA) Ashland, LLC",Ashland Nursing and Rehabilitation Center,"Ashland, Virginia",495362,fuzzy_provider_name,Ashland,VA,ASHLAND NURSING AND REHABILITATION,VA,2020,1,ASHLAND NURSING AND REHABILITATION,VA,190,163,118.08,62.66,2.53,,,,,4,366,152.06680004777832,19480.19,153997.98,0.35207574868679,2.7752871191665336,ASHLAND NURSING AND REHABILITATION,For profit - Corporation,"ASHLAND FACILITY OPERATIONS, LLC",,1.0,1.0,2.0,2.0,2.0,2.61317,N,200.500,24.0,19.0,19.0,2.0,,0.0,1.0,1.0,19.0,4.0,
"OHI Asset (VA) Ashland, LLC",Ashland Nursing and Rehabilitation Center,"Ashland, Virginia",495362,fuzzy_provider_name,Ashland,VA,ASHLAND NURSING AND REHABILITATION,VA,2021,2,ASHLAND NURSING AND REHABILITATION,VA,190,130,141.4,62.66,2.53,,,,,4,365,140.64244173700695,14444.62,128854.18,0.2837650315613329,2.528708674037958,ASHLAND NURSING AND REHABILITATION,For profit - Corporation,"ASHLAND FACILITY OPERATIONS, LLC",,1.0,1.0,3.0,1.0,1.0,2.38414,N,128.500,11.0,1.0,0.0,1.0,0.0,0.0,1.0,,,,
"OHI Asset (VA) Norfolk, LLC",Consulate Health Care of Norfolk,"Norfolk, Virginia",495273,exact_provider_name,Norfolk,VA,Ghent Health and Rehabilitation,VA,2017,-2,CONSULATE HEALTH CARE OF NORFOLK,VA,222,207,213.01,3.77,95.75,0.273,0.862,1.992,3.127,4,365,212.07095211551737,25191.21,226955.64,0.3253573534935427,2.93277056370929,CONSULATE HEALTH CARE OF NORFOLK,For profit - Corporation,"NORFOLK FACILITY OPERATIONS, LLC",,3.0,3.0,3.0,3.0,3.0,3.38136,N,36.667,10.0,7.0,7.0,5.0,,0.0,1.0,1.0,7.0,0.0,
"OHI Asset (VA) Norfolk, LLC",Consulate Health Care of Norfolk,"Norfolk, Virginia",495273,exact_provider_name,Norfolk,VA,Ghent Health and Rehabilitation,VA,2018,-1,CONSULATE HEALTH CARE OF NORFOLK,VA,,207,211.39,,,,,,,4,365,211.4109983012157,27037.28,234697.87,0.3504589512669018,3.0414570079540786,CONSULATE HEALTH CARE OF NORFOLK,For profit - Corporation,"NORFOLK FACILITY OPERATIONS, LLC",,,,,,2.0,2.98474,N,28.800,5.0,,,,,,,,,,
"OHI Asset (VA) Norfolk, LLC",Consulate Health Care of Norfolk,"Norfolk, Virginia",495273,exact_provider_name,Norfolk,VA,Ghent Health and Rehabilitation,VA,2019,0,CONSULATE HEALTH CARE OF NORFOLK,VA,222,195,212.21,30.29,26.92,,,,,4,365,211.2783265647396,27139.55,242592.47,0.352216932174364,3.1459819766514516,CONSULATE HEALTH CARE OF NORFOLK,For profit - Corporation,"NORFOLK FACILITY OPERATIONS, LLC",,,,,,2.0,3.16912,N,95.000,18.0,17.0,17.0,17.0,,1.0,1.0,1.0,17.0,0.0,
"OHI Asset (VA) Norfolk, LLC",Consulate Health Care of Norfolk,"Norfolk, Virginia",495273,exact_provider_name,Norfolk,VA,Ghent Health and Rehabilitation,VA,2020,1,CONSULATE HEALTH CARE OF NORFOLK,VA,222,195,146.34,30.29,26.92,,,,,4,366,189.65088987099855,23468.05,213968.53,0.3418267915821973,3.10006995516,CONSULATE HEALTH CARE OF NORFOLK,For profit - Corporation,"NORFOLK FACILITY OPERATIONS, LLC",,1.0,1.0,4.0,2.0,2.0,2.98253,N,113.000,18.0,,,,,,,,,,
"OHI Asset (VA) Norfolk, LLC",Consulate Health Care of Norfolk,"Norfolk, Virginia",495273,exact_provider_name,Norfolk,VA,Ghent Health and Rehabilitation,VA,2021,2,CONSULATE HEALTH CARE OF NORFOLK,VA,222,162,191.0,93.33,2.56,,,,,4,365,192.8658013484101,21369.4,176095.3,0.3056402128940513,2.527117880377338,CONSULATE HEALTH CARE OF NORFOLK,For profit - Corporation,"NORFOLK FACILITY OPERATIONS, LLC",,2.0,2.0,5.0,1.0,1.0,2.47076,N,108.667,11.0,1.0,0.0,0.0,1.0,0.0,1.0,,,,
