"Payroll Based Journal Daily Nurse Staffing","Payroll Based Journal Daily Nurse Staffing : 2025-07-01","2025-07-01/2025-09-30","2026-02-05","https://data.cms.gov/sites/default/files/2026-01/13db0b58-0df6-4288-8567-fc2a4f6ba415/PBJ_dailynursestaffing_CY2025Q3.csv"
"Payroll Based Journal Daily Nurse Staffing","Payroll Based Journal Daily Nurse Staffing : 2025-04-01","2025-04-01/2025-06-30","2025-11-20","https://data.cms.gov/sites/default/files/2025-10/0fd38f13-e99e-4b2f-8162-50603c89966d/PBJ_dailynursestaffing_CY2025Q2.csv"
"Payroll Based Journal Daily Nurse Staffing","Payroll Based Journal Daily Nurse Staffing : 2025-01-01","2025-01-01/2025-03-31","2025-09-11","https://data.cms.gov/sites/default/files/2025-07/e8e9efa9-9498-4286-a31c-ed4e5548a30c/PBJ_dailynursestaffing_CY2025Q1.csv"
"Payroll Based Journal Daily Nurse Staffing","Payroll Based Journal Daily Nurse Staffing : 2024-12-31","2024-10-01/2024-12-31","2025-04-30","https://data.cms.gov/sites/default/files/2025-04/4f8bee34-7c03-4bda-9ed9-756db4200310/PBJ_dailynursestaffing_CY2024Q4.csv"
"Payroll Based Journal Daily Nurse Staffing","Payroll Based Journal Daily Nurse Staffing : 2024-09-01","2024-07-01/2024-09-30","2025-04-02","https://data.cms.gov/sites/default/files/2025-01/0e5403bd-0ae6-4177-b2fa-ecd9e0944316/PBJ_dailynursestaffing_CY2024Q3.csv"
"Payroll Based Journal Daily Nurse Staffing","Payroll Based Journal Daily Nurse Staffing : 2024-04-01","2024-04-01/2024-06-30","2024-10-31","https://data.cms.gov/sites/default/files/2024-10/79f8602d-e17a-4ba3-9182-3287ccff9d3c/PBJ_dailynursestaffing_CY2024Q2.csv"
"Payroll Based Journal Daily Nurse Staffing","Payroll Based Journal Daily Nurse Staffing : 2024-01-01","2024-01-01/2024-03-31","2024-07-31","https://data.cms.gov/sites/default/files/2024-07/5273cb88-fb7c-4ea7-821a-2e1453044c64/PBJ_dailynursestaffing_CY2024Q1.csv"
"Payroll Based Journal Daily Nurse Staffing","Payroll Based Journal Daily Nurse Staffing : 2023-12-01","2023-10-01/2023-12-31","2024-04-24","https://data.cms.gov/sites/default/files/2024-04/0cd535dd-4611-4b0b-8380-65444c2f6236/PBJ_dailynursestaffing_CY2023Q4.csv"
"Payroll Based Journal Daily Nurse Staffing","Payroll Based Journal Daily Nurse Staffing : 2023-09-01","2023-07-01/2023-09-30","2024-01-31","https://data.cms.gov/sites/default/files/2024-01/8e987728-d824-48a0-b041-2d3c7a0ee2e8/PBJ_dailynursestaffing_CY2023Q3.csv"
"Payroll Based Journal Daily Nurse Staffing","Payroll Based Journal Daily Nurse Staffing : 2023-06-01","2023-04-01/2023-06-30","2023-10-25","https://data.cms.gov/sites/default/files/2023-10/5bd71a45-b092-4072-88b8-d40d54704d8c/PBJ_dailynursestaffing_CY2023Q2.csv"
"Payroll Based Journal Daily Nurse Staffing","Payroll Based Journal Daily Nurse Staffing : 2023-01-01","2023-01-01/2023-03-31","2023-07-26","https://data.cms.gov/sites/default/files/2023-06/034ca96a-0dde-471f-acac-7750532e8edb/PBJ_dailynursestaffing_CY2023Q1.csv"
"Payroll Based Journal Daily Nurse Staffing","Payroll Based Journal Daily Nurse Staffing : 2022-12-31","2022-10-01/2022-12-31","2023-04-26","https://data.cms.gov/sites/default/files/2023-04/8ca96e0e-89f3-4457-a3c0-8a0957297f5b/PBJ_dailynursestaffing_CY2022Q4.csv"
"Payroll Based Journal Daily Nurse Staffing","Payroll Based Journal Daily Nurse Staffing : 2022-09-30","2022-07-01/2022-09-30","2023-03-06","https://data.cms.gov/sites/default/files/2023-01/893d09c1-df09-41ef-b7b9-b47e9dbb6e05/PBJ_dailynursestaffing_CY2022Q3.csv"
"Payroll Based Journal Daily Nurse Staffing","Payroll Based Journal Daily Nurse Staffing : 2022-06-30","2022-04-01/2022-06-30","2022-10-26","https://data.cms.gov/sites/default/files/2022-10/e60c6df7-34d7-4239-b601-86c91e874029/PBJ_dailynursestaffing_CY2022Q2.csv"
"Payroll Based Journal Daily Nurse Staffing","Payroll Based Journal Daily Nurse Staffing : 2022-01-01","2022-01-01/2022-03-31","2022-07-27","https://data.cms.gov/sites/default/files/2022-07/c47359c6-4bba-4620-893c-69d54090f5ae/PBJ_dailynursestaffing_CY2022Q1.csv"
"Payroll Based Journal Daily Nurse Staffing","Payroll Based Journal Daily Nurse Staffing : 2021-12-31","2021-10-01/2021-12-31","2022-05-23","https://data.cms.gov/sites/default/files/2022-04/2adf6f4d-f402-4a6c-a428-e0156e6c2fdf/PBJ_dailynursestaffing_CY2021Q4.csv"
"Payroll Based Journal Daily Nurse Staffing","Payroll Based Journal Daily Nurse Staffing : 2021-09-30","2021-07-01/2021-09-30","2022-01-26","https://data.cms.gov/sites/default/files/2022-01/416c11d0-1ef7-4178-94a3-6b4ebeef4677/PBJ_dailynursestaffing_CY2021Q3.csv"
"Payroll Based Journal Daily Nurse Staffing","Payroll Based Journal Daily Nurse Staffing : 2021-06-30","2021-04-01/2021-06-30","2021-10-14","https://data.cms.gov/sites/default/files/2021-10/e4ca12be-7096-412c-a3ab-e67a1669e3aa/PBJ_dailynursestaffing_CY2021Q2.csv"
"Payroll Based Journal Daily Nurse Staffing","Payroll Based Journal Daily Nurse Staffing : 2021-03-31","2021-01-01/2021-03-31","2022-02-28","https://data.cms.gov/sites/default/files/2022-02/472cc63b-d76f-4ae5-9258-0041843508f7/PBJ_dailynursestaffing_CY2021Q1.csv"
"Payroll Based Journal Daily Nurse Staffing","Payroll Based Journal Daily Nurse Staffing : 2020-12-31","2020-10-01/2020-12-31","2021-07-09","https://data.cms.gov/sites/default/files/2021-07/pbj_daily_nurse_staffing_cy_2020q4.csv"
"Payroll Based Journal Daily Nurse Staffing","Payroll Based Journal Daily Nurse Staffing : 2020-09-30","2020-07-01/2020-09-30","2021-07-08","https://data.cms.gov/sites/default/files/2021-01/2qky-49qq.csv"
"Payroll Based Journal Daily Nurse Staffing","Payroll Based Journal Daily Nurse Staffing : 2020-06-30","2020-04-01/2020-06-30","2021-07-08","https://data.cms.gov/sites/default/files/2020-11/PBJ_Nurse_Q2_2020_ym5d-ceq8.csv"
"Payroll Based Journal Daily Nurse Staffing","Payroll Based Journal Daily Nurse Staffing : 2020-03-31","2020-01-01/2020-03-31","2021-10-05","https://data.cms.gov/sites/default/files/2021-10/bbd1bc7d-46cf-4df5-99ff-ba18e7605ccb/PBJ_dailynursestaffing_CY2020Q1.csv"
"Payroll Based Journal Daily Nurse Staffing","Payroll Based Journal Daily Nurse Staffing : 2019-12-31","2019-10-01/2019-12-31","2021-07-08","https://data.cms.gov/sites/default/files/2020-10/PBJ_Nurse_2019_Q4_iwq5-t3v2.csv"
"Payroll Based Journal Daily Nurse Staffing","Payroll Based Journal Daily Nurse Staffing : 2019-09-30","2019-07-01/2019-09-30","2021-07-08","https://data.cms.gov/sites/default/files/2020-10/PBJ_Nurse_2019_Q3_rqet-pmzi.csv"
"Payroll Based Journal Daily Nurse Staffing","Payroll Based Journal Daily Nurse Staffing : 2019-06-30","2019-04-01/2019-06-30","2021-07-08","https://data.cms.gov/sites/default/files/2020-10/PBJ_Nurse_2019_Q2_4juw-fxcf.csv"
"Payroll Based Journal Daily Nurse Staffing","Payroll Based Journal Daily Nurse Staffing : 2019-03-13","2019-01-01/2019-03-31","2021-07-08","https://data.cms.gov/sites/default/files/2020-10/PBJ_Nurse_2019_Q1_aayb-gfzp.csv"
"Payroll Based Journal Daily Nurse Staffing","Payroll Based Journal Daily Nurse Staffing : 2018-12-13","2018-10-01/2018-12-31","2021-07-08","https://data.cms.gov/sites/default/files/2020-10/PBJ_Nurse_2018_Q4_kiqr-gzba.csv"
"Payroll Based Journal Daily Nurse Staffing","Payroll Based Journal Daily Nurse Staffing : 2018-09-30","2018-07-01/2018-09-30","2022-04-06","https://data.cms.gov/sites/default/files/2022-04/5ee40dca-6c36-43e6-a8d2-b009078b5f5b/PBJ_dailynursestaffing_CY2018Q3.csv"
"Payroll Based Journal Daily Nurse Staffing","Payroll Based Journal Daily Nurse Staffing : 2018-06-30","2018-04-01/2018-06-30","2022-04-06","https://data.cms.gov/sites/default/files/2022-04/ce6dfc7f-d813-4139-b8ec-21179429a8a1/PBJ_dailynursestaffing_CY2018Q2.csv"
"Payroll Based Journal Daily Nurse Staffing","Payroll Based Journal Daily Nurse Staffing : 2018-03-31","2018-01-01/2018-03-31","2022-04-06","https://data.cms.gov/sites/default/files/2022-04/6bfe920d-b1a9-40b6-830d-6a4d22351efc/PBJ_dailynursestaffing_CY2018Q1.csv"
"Payroll Based Journal Daily Nurse Staffing","Payroll Based Journal Daily Nurse Staffing : 2017-12-31","2017-10-01/2017-12-31","2021-07-08","https://data.cms.gov/sites/default/files/2020-10/PBJ_Nurse_2017_Q4_4z4g-bf8w.csv"
"Payroll Based Journal Daily Nurse Staffing","Payroll Based Journal Daily Nurse Staffing : 2017-09-30","2017-07-01/2017-09-30","2021-07-08","https://data.cms.gov/sites/default/files/2020-10/PBJ_Nurse_2017_Q3_bpnu-uej3.csv"
"Payroll Based Journal Daily Nurse Staffing","Payroll Based Journal Daily Nurse Staffing : 2017-06-30","2017-04-01/2017-06-30","2021-07-08","https://data.cms.gov/sites/default/files/2020-10/PBJ_Nurse_2017_Q2_utrm-5phx.csv"
"Payroll Based Journal Daily Nurse Staffing","Payroll Based Journal Daily Nurse Staffing : 2017-03-31","2017-01-01/2017-03-31","2021-07-08","https://data.cms.gov/sites/default/files/2020-10/PBJ_Nurse_2017_Q1_afnb-m6tn.csv"
