"Skilled Nursing Facility Change of Ownership","Skilled Nursing Facility Change of Ownership : 2025-12-01","2025-10-01/2025-12-31","2026-01-20","https://data.cms.gov/sites/default/files/2026-01/900cec56-f1c8-40cb-9f8a-bf54cae53b90/SNF_CHOW_2026.01.02.csv"
"Skilled Nursing Facility Change of Ownership","Skilled Nursing Facility Change of Ownership : 2025-09-01","2025-07-01/2025-09-30","2025-10-22","https://data.cms.gov/sites/default/files/2025-10/92b32732-ba6e-4dee-9bd5-f422b45758ba/SNF_CHOW_2025.10.01.csv"
"Skilled Nursing Facility Change of Ownership","Skilled Nursing Facility Change of Ownership : 2025-06-01","2025-04-01/2025-06-30","2025-07-15","https://data.cms.gov/sites/default/files/2025-07/9065fdb2-75ad-4e13-8613-1349f676ee39/SNF_CHOW_2025.07.01.csv"
"Skilled Nursing Facility Change of Ownership","Skilled Nursing Facility Change of Ownership : 2025-03-01","2025-01-01/2025-03-31","2025-05-15","https://data.cms.gov/sites/default/files/2025-04/511d45b4-256d-45c7-8942-334206259e3b/SNF_CHOW_2025.04.01.csv"
"Skilled Nursing Facility Change of Ownership","Skilled Nursing Facility Change of Ownership : 2024-12-01","2024-10-01/2024-12-31","2025-01-15","https://data.cms.gov/sites/default/files/2025-01/7c721fd1-d17f-431c-a9d2-aab269919d21/SNF_CHOW_2025.01.02.csv"
"Skilled Nursing Facility Change of Ownership","Skilled Nursing Facility Change of Ownership : 2024-09-01","2024-07-01/2024-09-30","2024-10-15","https://data.cms.gov/sites/default/files/2024-10/faff8067-d4b8-4af8-b771-f36f0bbf2a5d/SNF_CHOW_2024.10.07.csv"
"Skilled Nursing Facility Change of Ownership","Skilled Nursing Facility Change of Ownership : 2024-06-01","2024-04-01/2024-06-30","2024-07-15","https://data.cms.gov/sites/default/files/2024-07/40b17bcc-e612-410d-a810-7b81e020dc3d/SNF_CHOW_2024.07.01.csv"
"Skilled Nursing Facility Change of Ownership","Skilled Nursing Facility Change of Ownership : 2024-03-31","2024-01-01/2024-03-31","2024-04-15","https://data.cms.gov/sites/default/files/2024-04/af866384-1663-4549-8577-ff2ca4edc70c/SNF_CHOW_2024.04.01.csv"
"Skilled Nursing Facility Change of Ownership","Skilled Nursing Facility Change of Ownership : 2023-12-31","2023-10-01/2023-12-31","2024-01-17","https://data.cms.gov/sites/default/files/2024-01/11a24243-5e8a-4e94-ac9f-e54e9406115a/SNF_CHOW_2024.01.05.csv"
"Skilled Nursing Facility Change of Ownership","Skilled Nursing Facility Change of Ownership : 2023-09-30","2023-07-01/2023-09-30","2023-10-16","https://data.cms.gov/sites/default/files/2023-10/b18f7a21-a1b5-4c1a-896d-a4f6634a81a5/SNF_CHOW_2023.10.02.csv"
"Skilled Nursing Facility Change of Ownership","Skilled Nursing Facility Change of Ownership : 2023-06-30","2023-04-01/2023-06-30","2023-07-17","https://data.cms.gov/sites/default/files/2023-07/fe5a1b5e-3d98-4ee8-af6f-72ef9022086d/SNF_CHOW_2023.07.06.csv"
"Skilled Nursing Facility Change of Ownership","Skilled Nursing Facility Change of Ownership : 2023-03-31","2023-01-01/2023-03-31","2023-04-25","https://data.cms.gov/sites/default/files/2023-04/64773f96-c8e2-4020-9213-c8c2fe341ed9/SNF_CHOW_2023.03.31.csv"
"Skilled Nursing Facility Change of Ownership","Skilled Nursing Facility Change of Ownership : 2022-12-30","2022-10-01/2022-12-31","2023-03-06","https://data.cms.gov/sites/default/files/2023-01/42ce2c43-7f06-436c-8315-f17065fdf8e6/SNF%20CHOW%202022.12.30.csv"
"Skilled Nursing Facility Change of Ownership","Skilled Nursing Facility Change of Ownership : 2022-09-30","2022-07-01/2022-09-30","2022-10-25","https://data.cms.gov/sites/default/files/2022-10/43af40cb-4d84-49a8-a5b8-81a712cf3a05/SNF_CHOW_2022.09.30.csv"
"Skilled Nursing Facility Change of Ownership","Skilled Nursing Facility Change of Ownership : 2022-06-30","2022-04-01/2022-06-30","2022-07-28","https://data.cms.gov/sites/default/files/2022-07/c7ba45e3-51b6-4194-b307-d89452d9fb82/Study_01.032.02_2022.07.01_PPEF_SNF_CHOW_Extract.csv"
"Skilled Nursing Facility Change of Ownership","Skilled Nursing Facility Change of Ownership : 2022-03-31","2022-01-01/2022-03-31","2022-05-04","https://data.cms.gov/sites/default/files/2022-04/c931bd73-ac31-44c1-a11c-e607946783d5/SNF_CHOW_2022Q1.csv"
