015194,PIEDMONT HEALTH CARE CENTER,AL
015320,ENTERPRISE HEALTH & REHABILITATION CEN,AL
015361,LAUDERDALE CHRISTIAN NURSING HOME,AL
015452,OAK PARK,AL
035088,HIGHLAND MANOR HEALTH & REHAB,AZ
035117,PAYSON CARE CENTER,AZ
035125,RIDGECREST HEALTHCARE,AZ
035165,MANORCARE HEALTH SERVICES,AZ
045142,CANYON SPRINGS HEALTH AND REHABILITATI,AR
045169,FAYETTEVILLE CITY HOSPITAL AND GERIATR,AR
055109,DRIFTWOOD HEALTHCARE CENTER,CA
055162,MONTEREY PARK CONV HOSP,CA
055182,LEMON GROVE CARE AND REHAB CENTER,CA
055296,APPLEWOOD CARE CENTER,CA
055308,WINDSOR ELK GROVE CARE AND REHABILITAT,CA
055330,PARK WEST CARE AND REHABILITATION CENT,CA
055480,THE CALIFORNIAN-PASADENA,CA
055512,GRASS VALLEY CARE CENTER INC,CA
055565,WATERMAN CONVALESCENT HOSP.,CA
055816,CHAPMAN CARE CENTER,CA
055826,COUNTRY OAKS CARE CENTER,CA
055849,COUNTRY VILLA MODESTO NURSING & REHABI,CA
055992,COUNTRY VILLA WEST COVINA HEALTHCARE C,CA
056007,PACIFIC CARE NURSING CENTER,CA
056071,SEQUOIAS SAN FRANCISCO CONVALESCENT HO,CA
056098,COTTONWOOD HEALTH CARE,CA
056114,COUNTRY VILLA EAST NURSING CTR,CA
056123,VILLA OAKS CONV HOSPITAL,CA
056168,GRANADA HILLS CONVALESCENT,CA
056242,WESTLAKE CONVALESCENT HOSPITAL,CA
056317,GLENOAKS CONVALESCENT HOSPITAL,CA
056343,SOPHIA-LYN CONVALESCENT HOSP,CA
056376,A GRACE SUB ACUTE & SKILLED CARE,CA
056415,COUNTRY VILLA LYNWOOD HEALTHCARE CENTE,CA
056426,DELANO REGIONAL MEDICAL CENTER,CA
056451,WINDSOR CARE CENTER OF CHEVIOT HILLS,CA
056456,SERRANO SOUTH CONVALESCENT  HOSPITAL,CA
065170,SUNSET MANOR,CO
065179,HILDEBRAND CARE CENTER,CO
065241,MANORCARE HEALTH SERVICES - DENVER,CO
065267,MANORCARE HEALTH SERVICES - BOULDER,CO
065285,CASTLE ROCK CARE CENTER,CO
065290,MONACO PARKWAY HEALTH AND REHABILITATI,CO
065331,LARCHWOOD INNS,CO
065374,BRIGHTON GARDENS OF LAKEWOOD,CO
065392,HERITAGE CLUB MOUNTAIN VIEW,CO
075057,SKYVIEW CENTER,CT
075211,APPLE REHAB OF ROCKY HILL,CT
075294,TALMADGE PARK HEALTHCARE,CT
075299,CHELSEA PLACE CARE CENTER,CT
075310,VILLAGE MANOR HEALTH CARE INC,CT
075324,BAYVIEW HEALTH CARE,CT
075404,MAEFAIR HEALTH CARE CENTER,CT
075412,LORD CHAMBERLAIN MANOR,CT
075432,MATTATUCK HEALTH CARE FAC,CT
085017,COKESBURY VILLAGE,DE
085028,MANORCARE HEALTH SERVICES - WILMINGTON,DE
085033,MANORCARE HEALTH  SERVICES - PIKE CREE,DE
085033,MANORCARE HEALTH  SERVICES - PIKE CREEK,DE
085042,ST. FRANCIS CARE/BRACKENVILLE,DE
085043,MILTON & HATTIE KUTZ HOME,DE
105008,ARCH PLAZA NURSING & REHABILITATION CE,FL
105202,APOLLO HEALTH AND REHABILITATION CENTE,FL
105228,LAURELLWOOD NURSING CENTER,FL
105252,JACKSON MEMORIAL PERDUE MEDICAL CENTER,FL
105259,MEDICANA NURSING AND REHAB CENTER,FL
105366,HEARTLAND HEALTH CARE CENTER OF SOUTH JACKSONVILLE,FL
105366,HEARTLAND HEALTH CARE CENTER OF SOUTH,FL
105366,HEARTLAND HLTH CARE CTR S JAX,FL
105389,HEARTLAND HEALTH CARE CENTER - NORTH S,FL
105389,HEARTLAND HEALTH CARE CENTER - NORTH SARASOTA,FL
105433,HERITAGE HEALTHCARE CENTER,FL
105439,LAKESIDE PAVILLION CARE AND REHABILITA,FL
105454,MANORCARE HEALTH SERVICES SARASOTA,FL
105481,MANORCARE HEALTH SERVICES,FL
105496,MANORCARE HEALTH SERVICES BOYNTON BEAC,FL
105496,MANORCARE HEALTH SERVICES BOYNTON BEACH,FL
105499,MANORCARE AT LELY PALMS,FL
105519,MANORCARE HEALTH SERVICES,FL
105560,ST ANNES NURSING CENTER,FL
105599,HEARTLAND OF ZEPHYRHILLS,FL
105602,HAWTHORNE HEALTH AND REHAB OF OCALA,FL
105606,HEARTLAND OF BROOKSVILLE,FL
105609,HEARTLAND OF TAMARAC,FL
105628,PENSACOLA HEALTH CARE FACILITY,FL
105641,HEARTLAND HEALTH CARE CENTER KENDALL,FL
105680,HEARTLAND HEALTH CARE CENTER LAUDERHIL,FL
105680,HEARTLAND HEALTH CARE CENTER LAUDERHILL,FL
105684,HEARTLAND HEALTH CARE CENTER JACKSONVI,FL
105684,HEARTLAND HEALTH CARE CENTER JACKSONVILLE,FL
105687,PARKWAY HEALTH & REHABILITATION CENTER,FL
105692,HEARTLAND HEALTH CARE CENTER ORANGE PA,FL
105692,HEARTLAND HEALTH CARE CENTER ORANGE PARK,FL
105692,HEARTLAND HEALTH CARE CENTER,FL
105700,MANORCARE HEALTH SERVICES CARROLLWOOD,FL
105709,HEARTLAND HEALTH CARE CENTER MIAMI LAK,FL
105709,HEARTLAND HEALTH CARE CENTER MIAMI LAKES,FL
105723,HEARTLAND HEALTH CARE CENTER FORT MYER,FL
105723,HEARTLAND HEALTH CARE CENTER FORT MYERS,FL
105723,HEARTLAND HEALTH CARE CENTER,FL
105755,HEARTLAND HEALTH CARE CENTER BOYNTON B,FL
105755,HEARTLAND HEALTH CARE CENTER BOYNTON BEACH,FL
105762,HEARTLAND HEALTH CARE CENTER PROSPERIT,FL
105762,HEARTLAND HEALTH CARE CENTER PROSPERITY OAKS,FL
105812,ROYAL CARE OF AVON PARK,FL
105842,HEARTLAND HEALTH CARE & REHAB,FL
105842,HEARTLAND HEALTH CARE & REHABILITATION CENTER,FL
105842,HEARTLAND HEALTH CARE & REHABILITATION,FL
105852,HEARTLAND HEALTH CARE AND REHABILITATI,FL
105852,HEARTLAND HEALTH CARE AND REHABILITATION CENTER OF,FL
105911,MANORCARE HEALTH SERVICES WEST PALM BE,FL
105911,MANORCARE HEALTH SERVICES WEST PALM BEACH,FL
105955,HARBORCHASE OF VENICE,FL
105965,MANORCARE HEALTH SERVICES,FL
105978,CRYSTAL OAKS OF PINELLAS,FL
106005,MANORCARE HEALTH SERVICES,FL
106020,MANORCARE HEALTH SERVICES,FL
106057,LIFE CARE CENTER OF ESTERO,FL
115025,GOLDEN LIVINGCENTER - GLENWOOD,GA
115110,SIGNATURE HEALTHCARE OF BUCKHEAD,GA
115494,MCRAE MANOR NURSING HOME,GA
115551,CUMMING NURSING CENTER,GA
115645,GWINNETT EXTENDED CARE CENTER,GA
115714,RESTORATION HEALTHCARE OF COMMERCE,GA
125033,HARRY AND JEANETTE WEINBERG CARE CENTE,HI
135107,IDAHO FALLS CARE & REHABILITATION CENT,ID
135125,MERIDIAN CARE & REHABILITATION CENTER,ID
145004,MANORCARE OF ELGIN,IL
145012,HEARTLAND OF GALESBURG,IL
145021,HEARTLAND OF MACOMB,IL
145027,HEARTLAND OF MOLINE,IL
145031,HEARTLAND OF NORMAL,IL
145038,HEARTLAND OF DECATUR,IL
145039,HEARTLAND OF PEORIA,IL
145043,MANORCARE OF KANKAKEE,IL
145045,MANORCARE OF NAPERVILLE,IL
145070,BERWYN REHABILITATION CENTER,IL
145087,MANORCARE OF OAK LAWN WEST,IL
145190,HEARTLAND OF CHAMPAIGN,IL
145199,MANORCARE OF ARLINGTON HEIGHTS,IL
145246,MANORCARE OF HINSDALE,IL
145248,MORTON VILLA CARE CENTER,IL
145278,STERLING PAVILION,IL
145338,MANORCARE OF WESTMONT,IL
145350,MANORCARE OF ROLLING MEADOWS,IL
145363,MANORCARE OF OAK LAWN EAST,IL
145380,LUTHERAN CARE CENTER,IL
145416,HEARTLAND MANOR NURSING CENTER,IL
145445,OAK HILL,IL
145478,NOKOMIS REHAB & HEALTH CARE CENTER,IL
145502,TAYLORVILLE CARE CENTER,IL
145524,HEARTLAND OF RIVERVIEW,IL
145593,MANORCARE OF LIBERTYVILLE,IL
145597,PEKIN MANOR,IL
145600,HEARTLAND OF CANTON,IL
145603,HEARTLAND OF PAXTON,IL
145604,HEARTLAND OF HENRY,IL
145607,MANORCARE OF PALOS HEIGHTS EAST,IL
145608,MANORCARE OF SOUTH HOLLAND,IL
145634,ASTORIA PLACE LIVING & REHAB,IL
145655,V I P MANOR,IL
145684,MANORCARE OF HOMEWOOD,IL
145689,MANORCARE OF ELK GROVE VILLAGE,IL
145710,MEADOWBROOK MANOR - BOLINGBROOK,IL
145838,PETERSON PARK HEALTH CARE CTR,IL
145880,HILLVIEW HEALTH CARE CENTER,IL
145893,MANORCARE OF PALOS HEIGHTS WEST,IL
145908,AMBERWOOD CARE CENTER,IL
145923,MANORCARE OF HIGHLAND PARK,IL
145932,MANORCARE OF WILMETTE,IL
145949,HILLCREST HOME,IL
145982,MANORCARE OF NORTHBROOK,IL
145999,GROSSE POINTE MANOR,IL
146030,HEARTLAND CHRISTIAN VILLAGE,IL
146039,EASTVIEW TERRACE,IL
146082,FRANKFORT HEALTHCARE & REHAB CENTER,IL
146084,PLEASANT VIEW REHAB & HCC,IL
146106,SCOTT COUNTY NURSING CENTER,IL
146113,CUMBERLAND REHAB & HEALTH CC,IL
146126,OUR LADY OF ANGELS RET HOME,IL
155005,MANORCARE HEALTH SERVICES,IN
155039,MILLER'S MERRY MANOR,IN
155076,GOLDEN LIVING CENTER- BROOKVIEW,IN
155224,COLUMBIA HEALTHCARE CENTER,IN
155228,HERITAGE HOUSE OF RICHMOND,IN
155247,MANORCARE HEALTH SERVICES,IN
155263,LOOGOOTEE NURSING CENTER,IN
155270,CORE OF HUNTINGBURG INC,IN
155338,MANORCARE HEALTH SERVICES - PRESTWICK,IN
155364,BYRON HEALTH CENTER,IN
155401,BEN HUR HOME,IN
155527,PINEKNOLL REHABILITATION CENTRE,IN
155561,GOOD SAMARITAN HOME AND REHABILITATION,IN
155637,CHICAGOLAND CHRISTIAN VILLAGE,IN
155668,PROVIDENCE RETIREMENT HOME,IN
155741,FRIENDSHIP HEALTHCARE,IN
155757,ROSEGATE VILLAGE LLC,IN
155764,SPRING MILL HEALTH CAMPUS,IN
155769,MORRISON WOODS HEALTH CAMPUS,IN
165017,MANORCARE HEALTH SERVICES,IA
165033,MANORCARE HEALTH SERVICES,IA
165034,MANORCARE HEALTH SERVICES,IA
165104,MANORCARE HEALTH SERVICES,IA
165165,PARKVIEW NURSING & REHAB CENTE,IA
165169,GOOD SAMARITAN SOCIETY - DAVENPORT,IA
165210,GOOD SAMARITAN SOCIETY - SAINT ANSGAR,IA
165263,MECHANICSVILLE NURSING & REHAB CENTER,IA
165266,HOLY SPIRIT RETIREMENT HOME,IA
165280,BETTENDORF HEALTH CARE CENTER,IA
165288,ATLANTIC NURSING & REHAB CENTE,IA
165294,AVOCA NURSING & REHAB CENTER,IA
165330,CHEROKEE VILLA NURSING & REHAB,IA
165338,NORTHGATE CARE CENTER,IA
165383,GREENFIELD MANOR,IA
165397,HEARTLAND CARE CENTER,IA
165441,SUNNY VIEW CARE CENTER,IA
165452,WAPELLO NURSING & REHAB CENTER,IA
165461,POCAHONTAS MANOR CARE CENTER,IA
165498,EVANGELICAL FREE CHURCH HOME,IA
165555,ADEL ACRES CARE CENTER,IA
165566,HIGHLAND RIDGE CARE CENTER,IA
165575,MANORCARE HEALTH SERVICES-UTICA RIDGE,IA
165583,THE VILLAGE AT LEGACY POINTE NURSING F,IA
175157,LIFE CARE CENTER OF ANDOVER,KS
175168,MANORCARE HEALTH SERVICES - WICHITA,KS
175172,MANORCARE HEALTH SERVICES - TOPEKA,KS
175180,MANORCARE HEALTH SERVICES - OVERLAND P,KS
175180,MANORCARE HEALTH SERVICES - OVERLAND PARK,KS
175227,GOLDEN LIVINGCENTER - FREDONIA,KS
175241,SABETHA MANOR,KS
175294,MEDICALODGES GODDARD,KS
175301,WICHITA PRESBYTERIAN MANOR,KS
175306,MANOR OF THE PLAINS,KS
175332,OTTAWA RETIREMENT VILLAGE,KS
175401,BONNER SPRINGS NURSING & REHABILITATION CENTER,KS
175475,ENTERPRISE ESTATES NURSING CENTER,KS
175504,SPRING VIEW MANOR,KS
175509,SANDSTONE HEIGHTS,KS
185144,HOMESTEAD NURSING CENTER,KY
185399,HEARTLAND VILLA CARE AND REHABILITATIO,KY
185399,HEARTLAND VILLA CARE AND REHABILITATION CENTER,KY
185399,HEARTLAND VILLA CENTER,KY
185463,RICHMOND PLACE REHABILITATION AND HEAL,KY
195150,VILLA FELICIANA CHRONIC DISEASE,LA
195214,FERNCREST MANOR LIVING CENTER,LA
195408,HERITAGE MANOR SOUTH,LA
195451,MERRYVILLE REHABILITATION,LA
195490,FOREST MANOR NURSING HOME,LA
195493,KINDER RETIREMENT AND REHABILITATION C,LA
195510,RUSTON NURSING AND REHABILITATION CENT,LA
195532,TOWN AND COUNTRY NURSING CENTE,LA
195539,MANSFIELD NURSING CENTER,LA
195545,CLAIBORNE MANOR,LA
205080,GARDINER HEALTH CARE FACILITY,ME
205154,WOODLAWN REHAB & NURSING CENTE,ME
215054,MANORCARE HEALTH SERVICES -TOWSON,MD
215064,HEARTLAND HEALTH CARE CENTER - ADELPHI,MD
215064,MANORCARE HEALTH SYSTEM - ADELPHI,MD
215069,MANORCARE HEALTH SERVICES - DULANEY,MD
215077,MANORCARE HEALTH SERVICES - RUXTON,MD
215087,HAMILTON CENTER,MD
215095,MANORCARE HEALTH SERVICES - BETHESDA,MD
215109,MANORCARE HEALTH SERVICES - ROSSVILLE,MD
215171,MANORCARE HEALTH SERVICES - POTOMAC,MD
215224,MANORCARE HEALTH SERVICES  -SILVER SPR,MD
215224,MANORCARE HEALTH SERVICES  -SILVER SPRING,MD
215232,OAKLAND NURSING & REHABILITATION CENTE,MD
215277,WEST MD HEALTH SYST FROSTBURG NRSG AND,MD
215301,MANORCARE HEALTH SERVICES - ROLAND PAR,MD
215301,MANORCARE HEALTH SERVICES - ROLAND PARK,MD
215304,ASBURY SOLOMONS,MD
215330,FRANKFORD NURSING AND REHABILITATION C,MD
215347,MANORCARE HEALTH SERVICES - WOODBRIDGE VALLEY,MD
215347,MANORCARE HEALTH SERVICES - WOODBRIDGE,MD
225067,GOLDEN LIVING CENTER-WEDGEMERE,MA
225270,ESSEX PARK REHABILITATION AND NURSING,MA
225296,QUABBIN VALLEY HEALTHCARE,MA
225403,COLEMAN HOUSE,MA
225435,COLONY HOUSE NURSING & REHABILITATION,MA
225455,CRANEVILLE PLACE AT DALTON,MA
225545,COURTYARD NURSING CARE CENTER,MA
225589,SARAH BRAYTON NURSING CARE CTR,MA
225622,NEMASKET HEALTHCARE CENTER,MA
225723,HIGHLANDER REHABILITATION & NURSING CE,MA
225747,SOMERSET RIDGE,MA
225772,OUR ISLAND HOME,MA
235004,HEARTLAND HEALTH CARE CENTER-KNOLLVIEW,MI
235016,HEARTLAND HEALTH CARE CENTER-JACKSON,MI
235023,HEARTLAND HEALTH CARE CENTER-BATTLE CR,MI
235023,HEARTLAND HEALTH CARE CENTER-BATTLE CREEK,MI
235032,HEARTLAND HEALTH CARE CENTER-IONIA,MI
235057,HEARTLAND HEALTH CARE CENTER-LIVONIA,MI
235057,HEARTLAND HEALTH CARE CENTER-UNIVERSIT,MI
235057,HEARTLAND HEALTH CARE CENTER-UNIVERSITY,MI
235077,HEARTLAND OF HOLLAND,MI
235087,LAKELAND SPECIALTY HOSPITAL AT BERRIEN,MI
235094,LAKEVIEW LUTHERAN MANOR,MI
235103,HEARTLAND HEALTH CARE CENTER-GRAND RAP,MI
235103,HEARTLAND HEALTH CARE CENTER-GRAND RAPIDS,MI
235109,HEARTLAND HEALTH CARE CENTER - GROSSE POINTE WOODS,MI
235109,HEARTLAND HEALTH CARE CENTER-GEORGIAN EAST,MI
235109,HEARTLAND HEALTH CARE CENTER-GEORGIAN,MI
235114,HEARTLAND HEALTH CARE CENTER-KALAMAZOO,MI
235132,HEARTLAND HEALTH CARE CENTER-FOSTRIAN,MI
235139,HEARTLAND HEALTH CARE CENTER-SAGINAW,MI
235184,HEARTLAND HEALTH CARE CENTER-BRIARWOOD,MI
235206,HEARTLAND HEALTH CARE CENTER-WHITEHALL,MI
235217,HEARTLAND HEALTH CARE CENTER-BLOOMFIELD HILLS,MI
235217,HEARTLAND HEALTH CARE CENTER-GEORGIAN BLOOMFIELD,MI
235217,HEARTLAND HEALTH CARE CENTER-GEORGIAN,MI
235226,GRAND BLANC REHABILITATION & NURSING C,MI
235261,HEARTLAND HEALTH CARE CENTER-GREENVIEW,MI
235266,MANOR OF SOUTHGATE SKILLED NURSING & R,MI
235267,MANORCARE NURSING AND REHABILITATION C,MI
235267,MANORCARE NURSING AND REHABILITATION CENTER,MI
235311,ALAMO NURSING HOME INC,MI
235343,KITH HAVEN,MI
235351,HEARTLAND HEALTH CARE CENTER-PLYMOUTH COURT,MI
235351,HEARTLAND HEALTH CARE CENTER-PLYMOUTH,MI
235365,HEARTLAND HEALTH CARE CENTER - LIVONIA NE,MI
235365,HEARTLAND HEALTH CARE CENTER-DORVIN,MI
235374,WEST OAKS SENIOR CARE & REHAB CENTER,MI
235378,RESTHAVEN CARE CENTER AT FOUNT,MI
235395,HEARTLAND HEALTH CARE CENTER-THREE RIV,MI
235395,HEARTLAND HEALTH CARE CENTER-THREE RIVERS,MI
235407,KALKASKA MEMORIAL HEALTH CENTER,MI
235411,HEARTLAND HEALTH CARE CENTER-HAMPTON,MI
235428,HEARTLAND HEALTH CARE CENTER-DEARBORN HEIGHTS,MI
235428,HEARTLAND HEALTH CARE CENTER-DEARBORN,MI
235439,HEARTLAND HEALTH CARE CENTER-ALLEN PAR,MI
235439,HEARTLAND HEALTH CARE CENTER-ALLEN PARK,MI
235441,HEARTLAND HEALTH CARE CENTER-CRESTVIEW,MI
235453,SANCTUARY AT FRASER VILLA,MI
235483,LAURELS OF GALESBURG (THE),MI
235487,HEARTLAND-WEST BLOOMFIELD,MI
235503,BORTZ HEALTH CARE OF YPSILANTI,MI
235509,SANCTUARY AT THE ABBEY,MI
235525,HERITAGE NURSING AND REHABILITATION CO,MI
235529,THE MANOR OF NOVI,MI
235530,MARYWOOD NURSING CARE CENTER,MI
235580,HEARTLAND HEALTH CARE CENTER-ANN ARBOR,MI
235589,LAKELAND CENTER (THE),MI
235618,HEARTLAND HEALTH CARE CENTER-CANTON,MI
235622,QUALICARE NURSING HOME,MI
235626,HEARTLAND HEALTH CARE CENTER-OAKLAND,MI
245097,FARIBAULT CARE CENTER,MN
245224,AUGUSTANA HEALTH CARE CENTER OF HASTIN,MN
245245,HERITAGE MANOR,MN
245257,ST OTTOS CARE CENTER,MN
245259,LUTHER HAVEN,MN
245320,WOODLYN HEIGHTS HEALTHCARE CENTER,MN
245383,OWATONNA COMMONS NURS & REHAB,MN
245448,PARK RIVER ESTATES CARE CENTER,MN
245528,HARMONY HEALTHCARE,MN
245535,JOURDAIN/PERPICH EXT CARE FAC,MN
255103,HINDS COUNTY NURSING & REHABILITATION,MS
255257,THE WINDSOR PLACE,MS
255309,CEDARS HEALTH CENTER,MS
255316,THE GROVE,MS
265112,MANORCARE HEALTH SERVICES,MO
265188,MANORCARE HEALTH SERVICES,MO
265210,RIVER OAKS CARE CENTER,MO
265275,HEARTLAND OF WILLOW LANE,MO
265339,CEDAR VALLEY HEALTH CENTER,MO
265387,HUNTER ACRES CARING CENTER,MO
265456,GOLDEN LIVINGCENTER-INDEPENDENCE,MO
265503,HEARTLAND CARE AND REHABILITATION CENT,MO
265503,HEARTLAND CARE AND REHABILITATION CENTER,MO
265583,PRESBYTERIAN MANOR OF FARMINGTON,MO
265597,BLUE RIVER REHABILITATION CENTER,MO
265710,OAK GROVE NURSING & REHAB,MO
265721,DEACONESS SPECIALTY CARE CENTER,MO
265749,WOODLAND MANOR,MO
265796,PEARL'S II EDEN FOR ELDERS,MO
265831,ACKERT PARK SKILLED CARE COMMUNITY,MO
275084,GOOD SAMARITAN SOCIETY - MOUNTAIN VIEW,MT
275100,MONTANA VETERANS HOME N H,MT
275121,SIDNEY HEALTH CENTER EXTENDED CARE,MT
285134,LIFE CARE CENTER OF ELKHORN,NE
285192,GOOD SAMARITAN SOCIETY - ST LUKE'S VIL,NE
285208,COMMUNITY PRIDE CARE CENTER,NE
295011,SOUTH LYON MEDICAL CENTER,NV
295036,NORTH LAS VEGAS CARE CENTER,NV
295082,GARDNERVILLE  HEALTH & REHAB  CENTER,NV
305024,ROCHESTER MANOR,NH
305046,ROCKINGHAM COUNTY NURSING HOME,NH
305053,GRAFTON COUNTY NURSING HOME,NH
315005,MANORCARE HEALTH SERVICES-NEW PROVIDEN,NJ
315005,MANORCARE HEALTH SERVICES-NEW PROVIDENCE,NJ
315013,MANORCARE HEALTH  SERVICES,NJ
315039,ROOSEVELT CARE CENTER,NJ
315072,HEATH VILLAGE,NJ
315083,NEWPORT NURSING & REHABILITATION CENTE,NJ
315091,CRANFORD HEALTH EXT CARE,NJ
315104,CORNELL HALL CARE & REHABILITATION CEN,NJ
315177,GATEWAY CARE CENTER,NJ
315178,WINDSOR GARDENS CARE CENTER,NJ
315214,ARISTACARE AT CEDAR OAKS,NJ
315215,GREENWOOD HOUSE HOME FOR JEWIS,NJ
315234,OAK RIDGE REHABILITATION & NC,NJ
315236,NEWARK HEALTH AND ECF,NJ
315246,MANORCARE HEALTH SERVICES,NJ
315280,SILVER CARE HEALTH CARE CENTER,NJ
315304,WARREN HAVEN,NJ
315313,CARE ONE AT DUNROVEN,NJ
315339,ORADELL HEALTH CARE CENTER,NJ
315342,MERIDIAN NURSING AND REHABILITATION AT,NJ
315500,MANORCARE HEALTH SERVICES VOORHEES,NJ
325081,HEARTLAND CARE OF HOBBS,NM
325086,CASA MARIA HEALTHCARE CENTER AND PECOS,NM
325114,HEARTLAND CONTINUING CARE CENTER,NM
335011,ST PATRICKS HOME,NY
335255,ELM MANOR NURSING HOME,NY
335285,PINE VALLEY CENTER FOR REHAB AND NURSI,NY
335350,SUTTON PARK CTR NURSING REHAB,NY
335460,MICHAUD RESIDENTIAL HEALTH SERVICES IN,NY
335528,EVERGREEN VALLEY NURSING HOME,NY
335564,ONTARIO COUNTY HEALTH FACILITY,NY
335622,ELDERWOOD HEALTH CARE AT HEATHWOOD,NY
335642,GOWANDA REHABILITATION AND NURSING CENTER,NY
335644,KINGS HARBOR MULTICARE CENTER,NY
335665,TERENCE CARDINAL COOKE H C C,NY
335817,GARDEN CARE CENTER,NY
335850,THE HAMPTONS CENTER FOR REHABILITATION,NY
345002,CYPRESS POINTE REHABILITATION,NC
345111,PENICK VILLAGE,NC
345146,BRITTHAVEN OF PIEDMONT,NC
345207,LIBERTY COMMONS N&R CTR OF COLUMBUS CT,NC
345307,MEADOWWOOD NURSING CENTER,NC
345322,THE LAURELS OF HENDERSONVILLE,NC
345391,HEARTLAND LIVING & REHAB AT THE MOSES H CONE MEM H,NC
345391,HEARTLAND LIVING & REHAB AT THE MOSES,NC
345429,PEAK RESOURCES - PINELAKE,NC
345468,LIBERTY COMMONS NURSING AND REHABILITA,NC
345471,MECKLENBURG HEALTH CARE CENTER,NC
345492,NC STATE VETERANS NURSING HOME,NC
345522,UNIVERSAL HEALTH CARE/FLETCHER,NC
355058,BAPTIST HOME INC,ND
355069,HEARTLAND CARE CENTER,ND
355072,MCKENZIE COUNTY HEALTHCARE SYSTEMS LON,ND
355099,GOOD SAMARITAN SOCIETY - MOTT,ND
355109,SOURIS VALLEY CARE CENTER,ND
365006,HILLSIDE PLAZA,OH
365186,HEARTLAND OF MADEIRA,OH
365196,PLEASANT RIDGE CARE CENTER,OH
365241,ARBORS AT LONDON,OH
365293,HEARTLAND OF MT AIRY,OH
365305,MANORCARE HEALTH SERVICES-WILLOUGHBY,OH
365310,MANORCARE HEALTH SERVICES - NORTH OLMS,OH
365310,MANORCARE HEALTH SERVICES - NORTH OLMSTED,OH
365315,HEARTLAND VICTORIAN VILLAGE,OH
365316,MANORCARE HEALTH SERVICES-AKRON,OH
365324,MANORCARE HLTH SVCS-BELDEN VIL,OH
365330,HEARTLAND OF WAUSEON,OH
365340,MANORCARE HEALTH SERVICES-BARBERTON,OH
365353,CANDLEWOOD PARK HEALTHCARE CEN,OH
365355,MANORCARE HEALTH SERVICES-MAYFIELD HTS,OH
365365,HEARTLAND OF URBANA,OH
365374,HEARTLAND OF BEAVERCREEK,OH
365376,OHIO VALLEY MANOR NSG AND REHA,OH
365392,MANORCARE HEALTH SERVICES-ROCKY RIVER,OH
365393,HEARTLAND OF JACKSON,OH
365433,OMNI MANOR NURSING HOME,OH
365453,HEARTLAND OF OREGON,OH
365514,HEARTLAND OF SPRINGFIELD,OH
365525,HEARTLAND OF CENTERBURG,OH
365532,HEARTLAND OF GREENVILLE,OH
365535,HEARTLAND OF PERRYSBURG,OH
365539,RENAISSANCE NORTH HEALTHCARE CENTER,OH
365557,HEARTLAND OF EATON,OH
365559,HEARTLAND-LANSING,OH
365576,HEARTLAND OF CHILLICOTHE,OH
365577,HEARTLAND OF MARYSVILLE,OH
365579,CARROLL HEALTHCARE CENTER INC,OH
365584,HEARTLAND OF PORTSMOUTH,OH
365594,MANORCARE HEALTH SERVICES-EUCLID BEACH,OH
365601,GREENE OAKS HEALTH CENTER,OH
365607,HEARTLAND OF PIQUA,OH
365615,HEARTLAND OF BELLEFONTAINE,OH
365616,HEARTLAND OF KETTERING,OH
365617,HEARTLAND OF WATERVILLE,OH
365619,HEARTLAND OF BUCYRUS,OH
365620,HEARTLAND OF RIVERVIEW,OH
365621,HEARTLAND OF HILLSBORO,OH
365640,HEARTLAND OF MIAMISBURG,OH
365666,HEARTLAND OF INDIAN LAKE REHAB,OH
365691,HEARTLAND OF MENTOR,OH
365738,HEARTLAND OF WOODRIDGE,OH
365780,HEARTLAND OF MARIETTA,OH
365849,HEARTLAND - HOLLY GLEN,OH
365898,SYLVANIA CARE AND REHABILITATION CENTE,OH
365934,CRESTWOOD NURSING CENTER,OH
365946,MERCY SAINT THERESA CENTER,OH
365949,CONCORD CARE CENTER OF CORTLAND,OH
365961,PIKETON NURSING CENTER,OH
366015,MENTOR WAY NURSING & REHAB CTR,OH
366017,ARCADIA ACRES INC,OH
366024,SYCAMORE RUN NURSING AND REHAB CTR,OH
366032,HILTY MEMORIAL HOME INC,OH
366033,SIDNEY CARE CENTER,OH
366039,POINT PLACE CARE AND REHABILITATION CE,OH
366041,SWAN POINTE CARE CENTER,OH
366044,GARDENS OF PAULDING,OH
366097,FULTON MANOR NURSING & REHAB C,OH
366100,HEARTLAND OF CENTERVILLE,OH
366177,CUMBERLAND POINTE CARE CENTER,OH
366199,HEARTLAND FAIRFIELD NURSING CENTER,OH
366199,HEARTLAND-FAIRFIELD NURSING CENTER,OH
366238,VICTORIA  RETIREMENT COMMUNITY,OH
366262,WINTERSONG VILLAGE OF WASHINGT,OH
366278,STOW GLEN HEALTH CARE CENTER,OH
366296,CEDARS OF LEBANON,OH
366304,HEARTLAND OF MARION,OH
366309,ADKINS CARE CENTER #1,OH
366330,ECHOING HILLS RESIDENTIAL CTR,OH
366343,MANORCARE HEALTH SERVICES -  PARMA,OH
366378,COVINGTON SKILLED NURSING & REHAB CENT,OH
375042,MANORCARE HEALTH SERVICES-NORTHWEST,OK
375094,MANORCARE HEALTH SERVICES-TULSA,OK
375098,MANORCARE HEALTH SERVICES-MIDWEST CITY,OK
375135,MANORCARE HEALTH SERVICES-SOUTHWEST,OK
375155,GRACE LIVING CENTER-NORTHEAST O K C,OK
375222,CEDAR CREEK NURSING CENTER,OK
375230,LEISURE VILLAGE HEALTH CARE CENTER,OK
375285,OAK DALE MANOR,OK
375397,THE KING'S DAUGHTERS & SONS NURSING HO,OK
375426,MERIDIAN NURSING HOME,OK
375436,WILLOW CREEK HEALTH CARE,OK
375448,CARE LIVING CENTER OF EL RENO,OK
375526,DR W F & MADA DUNAWAY MANOR,OK
375529,EASTWOOD MANOR,OK
385018,PROVIDENCE BENEDICTINE NC,OR
385046,HILLSIDE HEIGHTS REHAB CT,OR
385148,ROYALE GARDENS HEALTH AND REHABILITATI,OR
385152,COAST FORK NURSING CENTER,OR
385224,WINDSOR HEALTH & REHABILITATION CENTER,OR
385263,REGENCY HERMISTON NURSING & REHAB CENT,OR
395037,MANORCARE HEALTH SERVICES-KINGSTON COU,PA
395037,MANORCARE HEALTH SERVICES-KINGSTON COURT,PA
395050,GARVEY MANOR,PA
395068,HEARTLAND HEALTH CARE CENTER (PITTSBUR,PA
395068,HEARTLAND HEALTH CARE CENTER (PITTSBURGH),PA
395068,MANORCARE HEALTH SERVICES-PITTSBURGH,PA
395199,MANORCARE HEALTH SERVICES-LANCASTER,PA
395309,MANORCARE HEALTH SERVICES-YORK SOUTH,PA
395325,MORAVIAN MANOR,PA
395344,MANORCARE HEALTH SERVICES-POTTSVILLE,PA
395348,MANORCARE HEALTH SERVICES-CHAMBERSBURG,PA
395351,MANORCARE HEALTH SERVICES-WEST READING NORTH,PA
395351,MANORCARE HEALTH SERVICES-WEST READING,PA
395359,MANORCARE HEALTH SERVICES-JERSEY SHORE,PA
395364,MANORCARE HEALTH SERVICES-WILLIAMSPORT NORTH,PA
395364,MANORCARE HEALTH SERVICES-WILLIAMSPORT,PA
395371,WEST HAVEN MANOR,PA
395373,OHESSON MANOR,PA
395374,MANORCARE HEALTH SERVICES-YEADON,PA
395396,MANORCARE HEALTH SERVICES-WILLIAMSPORT SOUTH,PA
395396,MANORCARE HEALTH SERVICES-WILLIAMSPORT,PA
395397,MANORCARE HEALTH SERVICES-KINGSTON,PA
395402,MANORCARE HEALTH SERVICES-POTTSTOWN,PA
395422,PENNKNOLL VILLAGE,PA
395427,LUTHERAN HOME AT HOLLIDAYSBURG,PA
395429,MANORCARE HEALTH SERVICES-BETHLEHEM (2,PA
395429,MANORCARE HEALTH SERVICES-BETHLEHEM (2021),PA
395440,MANORCARE HEALTH SERVICES-CAMP HILL,PA
395442,MANORCARE HEALTH SERVICES-YORK NORTH,PA
395451,MANORCARE HEALTH SERVICES-DALLASTOWN,PA
395465,CEDARBROOK NURSING HOMES,PA
395469,MANORCARE HEALTH SERVICES-ELIZABETHTOW,PA
395469,MANORCARE HEALTH SERVICES-ELIZABETHTOWN,PA
395472,MANORCARE HEALTH SERVICES-LEBANON,PA
395477,MANORCARE HEALTH SERVICES-LAURELDALE,PA
395527,MANORCARE HEALTH SERVICES-BETHLEHEM (2,PA
395527,MANORCARE HEALTH SERVICES-BETHLEHEM (2029),PA
395540,MANORCARE HEALTH SERVICES-EASTON,PA
395541,MANORCARE HEALTH SERVICES-SINKING SPRI,PA
395541,MANORCARE HEALTH SERVICES-SINKING SPRING,PA
395646,OAK HILL NURSING AND REHAB CEN,PA
395682,PROVIDENCE CARE CENTER,PA
395686,SAINT IGNATIUS NURSING HOME,PA
395731,MANORCARE HEALTH SERVICES-BETHEL PARK,PA
395732,UPMC HERITAGE PLACE,PA
395735,LIFEQUEST NURSING CENTER,PA
395743,MANORCARE HEALTH SERVICES-GREEN TREE,PA
395746,MANORCARE HEALTH SERVICES-CARLISLE,PA
395753,BEAUMONT AT BRYN MAWR,PA
395760,MANORCARE HEALTH SERVICES-ALLENTOWN,PA
395783,MANORCARE HEALTH SERVICES-MCMURRAY,PA
395783,MANORCARE HEALTH SERVICES-PETERS TOWNSHIP,PA
395788,SUNNYVIEW NURSING AND REHABILITATION C,PA
395796,MANORCARE HEALTH SERVICES-LANSDALE,PA
395817,MANORCARE HEALTH SERVICES-YARDLEY,PA
395826,MANORCARE HEALTH SERVICES-NORTH HILLS,PA
395834,MANORCARE HEALTH SERVICES-KING OF PRUS,PA
395834,MANORCARE HEALTH SERVICES-KING OF PRUSSIA,PA
395913,MANORCARE HEALTH SERVICES-HUNTINGDON V,PA
395913,MANORCARE HEALTH SERVICES-HUNTINGDON VALLEY,PA
395950,CENTENNIAL VILLAGE,PA
395989,MANORCARE HEALTH SERVICES-MERCY FI,PA
396003,MANORCARE HEALTH SERVICES-MONROEVILLE,PA
396058,AVALON SPRINGS NURSING CENTER,PA
396066,MANORCARE HEALTH SERVICES-WHITEHALL BO,PA
396066,MANORCARE HEALTH SERVICES-WHITEHALL BOROUGH,PA
396095,SCRANTON HEALTH CARE CENTER,PA
415007,CHESTNUT TERRACE NURSING & REHABILITAT,RI
415064,PAWTUCKET SKILLED NURSING & REHABILITA,RI
425008,HEARTLAND OF COLUMBIA REHAB AND NURSIN,SC
425008,HEARTLAND OF COLUMBIA REHAB AND NURSING CENTER,SC
425032,MAGNOLIA MANOR - INMAN,SC
425062,BROOKVIEW HEALTHCARE CENTER,SC
425105,HEARTLAND OF LEXINGTON REHAB AND NURSI,SC
425105,HEARTLAND OF LEXINGTON REHAB AND NURSING CENTER,SC
425172,MAGNOLIA MANOR - GREENWOOD,SC
425289,HEARTLAND HEALTHCARE CENTER- CHARLESTO,SC
425289,HEARTLAND HEALTHCARE CENTER- CHARLESTON,SC
425297,LAUREL BAYE HEALTHCARE  OF WILLISTON L,SC
425310,HOPEWELL HEALTHCARE CENTER,SC
425362,HEARTLAND OF WEST ASHLEY REHAB AND NUR,SC
425362,HEARTLAND OF WEST ASHLEY REHAB AND NURSING CENTER,SC
435004,MANORCARE HEALTH SERVICES,SD
435034,MARYHOUSE,SD
435104,GOOD SAMARITAN SOCIETY NEW UNDERWOOD,SD
435110,FOUNTAIN SPRINGS HEALTH CARE,SD
445224,HENRY COUNTY HEALTHCARE CTR,TN
445303,NORRIS HEALTH AND REHABILITATION CENTE,TN
445368,HARRIMAN CARE & REHAB CENTER,TN
445461,COVINGTON MANOR INC,TN
445467,ALAMO NURSING AND REHABILITATION CENTE,TN
445472,SHANNONDALE OF MARYVILLE HEALTH CARE C,TN
455333,MANORCARE HEALTH SERVICES,TX
455457,MANORCARE HEALTH SERVICES,TX
455472,MANORCARE HEALTH SERVICES,TX
455494,MANORCARE HEALTH SERVICES,TX
455513,LAMPASAS NURSING AND REHABILITATION CE,TX
455515,WIND CREST NURSING CENTER,TX
455653,MANORCARE HEALTH SERVICES,TX
455665,CLEBURNE REHABILITATION AND HEALTH CAR,TX
455712,GOLDEN AGE MANOR NURSING CENTER,TX
455715,MONUMENT REHABILITATION AND NURSING CE,TX
455742,HEARTLAND CARE CENTER - SAN ANTONIO NORTH,TX
455742,MANORCARE HEALTH SERVICES,TX
455756,HEARTLAND HEALTH CARE CENTER OF WEST H,TX
455756,HEARTLAND HEALTH CARE CENTER OF WEST HOUSTON AT RO,TX
455756,MANORCARE HEALTH SERVICES ? WEST HOUSTON,TX
455762,HEARTLAND OF SAN ANTONIO,TX
455794,HEARTLAND HEALTH CARE CENTER AT WILLOW,TX
455794,HEARTLAND HEALTH CARE CENTER AT WILLOWBROOK,TX
455798,HEARTLAND HEALTH CARE CENTER,TX
455799,HEARTLAND HEALTHCARE CENTER,TX
455806,TEXOMA SPECIALTY CARE CENTER,TX
455849,BELLMIRE HEALTH CARE FACILITIES,TX
455917,DEER CREEK OF WIMBERLEY,TX
465003,HERITAGE PARK CARE CENTER,UT
465009,WASATCH CARE CENTER,UT
475026,NEWPORT HEALTH CARE CENTER,VT
475049,BELAIRE QUALITY CENTER,VT
475052,GILL ODD FELLOWS HOME,VT
495011,MANORCARE HEALTH SERVICES-ALEXANDRIA,VA
495013,RICHFIELD RECOVERY &  CARE CENT,VA
495045,MANORCARE HEALTH SERVICES-STRATFORD HA,VA
495045,MANORCARE HEALTH SERVICES-STRATFORD HALL,VA
495102,MANORCARE HEALTH SERVICES-ARLINGTON,VA
495113,HIRAM W DAVIS MEDICAL CTR,VA
495127,WESTMINSTER CANTERBURY  CHESAP,VA
495177,COMMUNITY MEM,VA
495190,CONSULATE HEALTHCARE OF WILLIAMSBURG,VA
495217,MANORCARE HEALTH SERVICES-FAIR OAKS,VA
495255,MONTVUE NURSING HOME,VA
495283,MANORCARE HEALTH SERVICES-IMPERIAL,VA
495368,THE NEWPORT,VA
495399,CHATHAM HEALTH & REHABILITATION CENTER,VA
505016,GRAYS HARBOR HEALTH & REHABILITATION C,WA
505099,GOOD SAMARITAN SOCIETY - SPOKANE VALLE,WA
505240,FOREST RIDGE HEALTH & REHAB,WA
505349,WILLAPA HARBOR CARE CENTER,WA
505459,NISQUALLY VALLEY CARE CENTER,WA
505475,WESLEY HOMES HEALTH CENTER,WA
505504,COVENANT SHORES HEALTH CENTER,WA
505511,LEON SULLIVAN HEALTH CARE CENTER,WA
515039,HEARTLAND OF MARTINSBURG,WV
515072,HEARTLAND OF PRESTON COUNTY,WV
515120,HEARTLAND OF CLARKSBURG,WV
515146,MARMET CENTER,WV
525009,MANORCARE HEALTH SERVICES-EAST,WI
525179,MANORCARE HEALTH SERVICES-KENOSHA,WI
525219,MANORCARE HEALTH SERVICES-PLATTEVILLE,WI
525232,MANORCARE HEALTH SERVICES-WEST,WI
525264,MANORCARE HEALTH SERVICES,WI
525274,MANORCARE HEALTH SERVICES,WI
525276,ST MARYS CARE CTR,WI
525311,TAYLOR PARK NURSING AND REHAB CTR,WI
525335,MANORCARE HEALTH SERVICES-SHAWANO,WI
525363,WOODLAND VILLAGE NH,WI
525372,COLUMBIA HLTH CARE CTR,WI
525375,OAKWOOD LUTHERAN HOMES ASSOC,WI
525376,UPLAND HILLS NUR AND REHAB,WI
525398,PRESCOTT NURSING AND REHAB COMMUNITY,WI
525429,STRAWBERRY LANE MEDICAL AND REHAB,WI
525503,MARYWOOD CONV CTR,WI
525521,HEARTLAND COUNTRY VILLAGE,WI
525550,MARKESAN RESIDENT HOME,WI
525602,GLENHAVEN,WI
525611,PORTAGE CTY HLTH CARE CTR,WI
525646,MANORCARE HEALTH SERVICES-PEWAUKEE,WI
525646,MANORCARE HEALTH SERVICES-WAUKESHA,WI
555027,BEACHSIDE NURSING CENTER,CA
555053,BROWNING MANOR CONVALESCENT HOSPITAL,CA
555054,PACIFIC CONVALESCENT CENTER,CA
555106,CHERRYLEE LODGE,CA
555195,DEL ROSA VILLA,CA
555244,ANBERRY REHABILITATION HOSP,CA
555252,PINE VIEW CARE CENTER,CA
555297,MANORCARE HEALTH SERVICES-HEMET,CA
555318,VILLA RANCHO BERNARDO CARE CENTER,CA
555328,MANORCARE HEALTH SERVICES (FOUNTAIN VA,CA
555328,MANORCARE HEALTH SERVICES (FOUNTAIN VALLEY),CA
555337,MANORCARE  HEALTH SERVICES (CITRUS HEI,CA
555337,MANORCARE  HEALTH SERVICES (CITRUS HEIGHTS),CA
555339,MANORCARE HEALTH SERVICES,CA
555352,SUNNYSIDE CONV. HOSPITAL,CA
555444,MANORCARE HEALTH SERVICES (SUNNYVALE),CA
555446,MANORCARE HEALTH SERVICES-WALNUT CREEK,CA
555478,VICTORIA CARE CENTER,CA
555710,MANORCARE HEALTH SERVICES - TICE VALLE,CA
555710,MANORCARE HEALTH SERVICES - TICE VALLEY,CA
555716,THE CENTER AT PARK WEST,CA
555742,INDIO NURSING AND REHABILITATION CENTE,CA
555747,COUNTRY VILLA MURRIETA HEALTHCARE CENT,CA
555791,EMERITUS AT NORTHRIDGE,CA
555797,GORDON LANE CARE CENTER,CA
555810,LAS VILLAS DEL NORTE HEALTH CENTER,CA
555815,TOTALLY KIDS SPECIALITY HEALTHCARE - S,CA
555823,INTERCOMMUNITY CARE CENTER,CA
675075,HILLCREST MANOR NURSING AND REHABILITA,TX
675113,THE PARK IN PLANO,TX
675133,HIGHLAND PINES NURSING HOME LTD,TX
675182,BROWNFIELD REHABILITATION AND CARE CEN,TX
675214,GULF HEALTH CARE CENTER TEXAS CITY,TX
675226,STEVENS NURSING & REHABILITATION CENTE,TX
675320,ANDERSON NURSING CENTER,TX
675388,HILLVIEW MANOR,TX
675414,RETAMA MANOR NURSING CENTER/EDINBURG,TX
675420,BRAZOSVIEW HEALTHCARE CENTER,TX
675431,RED OAK HEALTH AND REHABILITATION CENT,TX
675444,REUNION PLAZA SENIOR CARE AND REHABILI,TX
675572,GLEN ROSE MEDICAL CENTER NURSING HOME,TX
675579,SENIOR CARE AT LAKE POINTE,TX
675599,ROBERT LEE CARE CENTER,TX
675729,TWIN LAKES REHABILITATION AND CARE CEN,TX
675756,WILLIAMSBURG VILLAGE HEALTHCARE CAMPUS,TX
675768,MOUNTAIN VILLA NURSING CENTER,TX
675802,KEMP CARE CENTER,TX
675868,HEREFORD NURSING AND REHAB,TX
675909,INDIAN OAKS LIVING CENTER,TX
675989,BRAZOS VALLEY CARE HOME,TX
676086,GOLDTHWAITE HEALTH & REHABILITATION CE,TX
676093,RENAISSANCE VILLA,TX
676227,COPPERAS HOLLOW NURSING AND REHABILITA,TX
